{
    "pools": [
      {
        "rolls": 5,
        "entries": [
          {
            "type": "minecraft:item",
            "weight": 3,
            "name": "minecraft:brown_mushroom",
            "functions": [
              {
                "function": "minecraft:set_count",
                "count": {
                  "min": 6,
                  "max": 12
                }
              }
            ]
          },
          {
            "type": "minecraft:item",
            "weight": 2,
            "name": "minecraft:popped_chorus_fruit",
            "functions": [
              {
                "function": "minecraft:set_count",
                "count": {
                  "min": 6,
                  "max": 12
                }
              },
              {
                "function": "minecraft:set_components",
                "components": {
                  "minecraft:enchantment_glint_override": true,
                  "minecraft:custom_data": {
                    "ic": "weakness_cleanse"
                  }
                }
              },
              {
                "function": "minecraft:set_name",
                "name": [
                  {
                    "text": "Blessed Orb",
                    "color": "light_purple",
                    "italic": false
                  }
                ]
              },
              {
                "function": "minecraft:set_lore",
                "lore": [
                  {
                    "text": "Removes Weakness upon ",
                    "color": "gray",
                    "italic": false
                  },
                  {
                    "text": "infliction, consumes on ",
                    "color": "gray",
                    "italic": false
                  },
                  {
                    "text": "use.",
                    "color": "gray",
                    "italic": false
                  }
                ],
                "mode": "append"
              }
            ]
          },
          {
            "type": "minecraft:item",
            "weight": 2,
            "name": "minecraft:red_mushroom",
            "functions": [
              {
                "function": "minecraft:set_count",
                "count": {
                  "min": 6,
                  "max": 12
                }
              }
            ]
          },
          {
            "type": "minecraft:item",
            "weight": 2,
            "name": "minecraft:dandelion",
            "functions": [
              {
                "function": "minecraft:set_count",
                "count": {
                  "min": 6,
                  "max": 12
                }
              }
            ]
          },
          {
            "type": "minecraft:item",
            "weight": 3,
            "name": "minecraft:emerald",
            "functions": [
              {
                "function": "minecraft:set_count",
                "count": {
                  "min": 5,
                  "max": 10
                }
              }
            ]
          },
          {
            "type": "minecraft:item",
            "weight": 2,
            "name": "minecraft:tipped_arrow",
            "functions": [
              {
                "function": "minecraft:set_count",
                "count": {
                  "min": 4,
                  "max": 8
                }
              },
              {
                "function": "minecraft:set_components",
                "components": {
                  "minecraft:potion_contents": {
                    "custom_color": 670482,
                    "custom_effects": [
                      {
                        "id": "minecraft:slowness",
                        "amplifier": 1,
                        "duration": 200
                      },
                      {
                        "id": "minecraft:wither",
                        "amplifier": 2,
                        "duration": 200,
                        "show_particles": true
                      }
                    ]
                  }
                }
              },
              {
                "function": "minecraft:set_name",
                "name": [
                  {
                    "text": "Toxic Arrow",
                    "color": "white",
                    "italic": false
                  }
                ]
              }
            ]
          }
        ]
      }
    ]
  }
  