{
    "pools": [
      {
        "rolls": 4,
        "entries": [
          {
            "type": "minecraft:item",
            "weight": 2,
            "name": "minecraft:brown_mushroom",
            "functions": [
              {
                "function": "minecraft:set_count",
                "count": {
                  "min": 2,
                  "max": 4
                }
              }
            ]
          },
          {
            "type": "minecraft:item",
            "weight": 2,
            "name": "minecraft:popped_chorus_fruit",
            "functions": [
              {
                "function": "minecraft:set_count",
                "count": {
                  "min": 1,
                  "max": 2
                }
              },
              {
                "function": "minecraft:set_components",
                "components": {
                  "minecraft:enchantment_glint_override": true,
                  "minecraft:custom_data": {
                    "ic": "weakness_cleanse"
                  }
                }
              },
              {
                "function": "minecraft:set_name",
                "name": [
                  {
                    "text": "Blessed Orb",
                    "color": "light_purple",
                    "italic": false
                  }
                ]
              },
              {
                "function": "minecraft:set_lore",
                "lore": [
                  {
                    "text": "Removes Weakness upon ",
                    "color": "gray",
                    "italic": false
                  },
                  {
                    "text": "infliction, consumes on ",
                    "color": "gray",
                    "italic": false
                  },
                  {
                    "text": "use.",
                    "color": "gray",
                    "italic": false
                  }
                ],
                "mode": "append"
              }
            ]
          },
          {
            "type": "minecraft:item",
            "weight": 2,
            "name": "minecraft:red_mushroom",
            "functions": [
              {
                "function": "minecraft:set_count",
                "count": {
                  "min": 2,
                  "max": 4
                }
              }
            ]
          },
          {
            "type": "minecraft:item",
            "weight": 2,
            "name": "minecraft:dandelion",
            "functions": [
              {
                "function": "minecraft:set_count",
                "count": {
                  "min": 1,
                  "max": 2
                }
              }
            ]
          },
          {
            "type": "minecraft:item",
            "weight": 3,
            "name": "minecraft:emerald",
            "functions": [
              {
                "function": "minecraft:set_count",
                "count": {
                  "min": 5,
                  "max": 10
                }
              }
            ],
            "conditions": [
              {
                "condition": "minecraft:random_chance",
                "chance": 0.5
              }
            ]
          },
          {
            "type": "minecraft:item",
            "weight": 2,
            "name": "minecraft:tipped_arrow",
            "functions": [
              {
                "function": "minecraft:set_count",
                "count": {
                  "min": 5,
                  "max": 10
                }
              },
              {
                "function": "minecraft:set_components",
                "components": {
                  "minecraft:potion_contents": "minecraft:strong_poison"
                }
              }
            ]
          }
        ]
      }
    ]
  }
  