{
  "criteria": {
    "requirement": {
      "trigger": "minecraft:player_killed_entity",
      "conditions": {
        "entity": [
          {
            "condition": "minecraft:entity_properties",
            "entity": "this",
            "predicate": {
              "equipment": {
                "chest": {
                  "items": "#infinity_cave:high_tier"
                }
              }
            }
          }
        ]
      }
    }
  },
  "rewards": {
    "function": "infinity_cave:kill/magician"
  }
}
