{
    "criteria": {
      "requirement": {
        "trigger": "minecraft:player_killed_entity",
        "conditions": {
          "entity": [
            {
              "condition": "minecraft:entity_properties",
              "entity": "this",
              "predicate": {
                "type": "minecraft:creeper",
                "team": "ic.mob_team",
                "equipment": {
                  "head": {
                    "predicates": {
                      "minecraft:enchantments": [
                        {
                          "enchantments": "infinity_cave:technical/rocklops"
                        }
                      ]
                    }
                  }
                }
              }
            }
          ]
        }
      }
    },
    "rewards": {
      "function": "infinity_cave:kill/rocklops/death_animation"
    }
  }
  