{
    "display": {
      "icon": {
        "id": "minecraft:tropical_fish",
        "components": {
          "minecraft:custom_model_data": 2
        }
      },
      "title": "I Forsee a Great Enchantment...",
      "description": [
        {
          "text": "A GREAT ENCHANTMENT WITH ME!\n\nFind your first Tier II Enchantlet!"
        }
      ],
      "show_toast": true,
      "announce_to_chat": true,
      "hidden": false
    },
    "parent": "infinity_cave:display/enchantlet/1",
    "criteria": {
      "requirement": {
        "trigger": "minecraft:inventory_changed",
        "conditions": {
          "items": [
            {
              "items": [
                "minecraft:tropical_fish"
              ],
              "predicates": {
                "minecraft:custom_data": {
                  "ec": 2
                }
              }
            }
          ]
        }
      }
    }
  }
  