{
  "type": "minecraft:command",
  "pools": [
    {
      "rolls": 1,
      "entries": [
        {
          "type": "minecraft:item",
          "name": "minecraft:warped_fungus_on_a_stick",
          "functions": [
            {
              "function": "minecraft:set_name",
              "entity": "this",
              "name": {
                "text": "Dragon Staff",
                "color": "dark_purple",
                "italic": false
              }
            },
            {
              "function": "minecraft:set_lore",
              "entity": "this",
              "lore": [
                {
                  "text": "• Crouch + Right-click to",
                  "color": "light_purple",
                  "italic": false
                },
                {
                  "text": "  teleport to stronghold!",
                  "color": "light_purple",
                  "italic": false
                },
                {
                  "text": " ",
                  "color": "light_purple",
                  "italic": false
                },
                {
                  "text": "• Right-click to shoot a laser which",
                  "color": "light_purple",
                  "italic": false
                },
                {
                  "text": "  kills mobs and & lights endportals!",
                  "color": "light_purple",
                  "italic": false
                }
              ],
              "mode": "replace_all"
            },
            {
              "function": "minecraft:set_custom_model_data",
              "value": 3
            },
            {
              "function": "minecraft:set_count",
              "count": 1
            },
            {
              "function": "minecraft:set_custom_data",
              "tag": "{DragonStaff:1b}"
            }
          ]
        }
      ]
    }
  ]
}
