{
  "type": "minecraft:command",
  "pools": [
    {
      "rolls": 1,
      "entries": [
        {
          "type": "minecraft:item",
          "name": "minecraft:warped_fungus_on_a_stick",
          "functions": [
            {
              "function": "minecraft:set_name",
              "entity": "this",
              "name": {
                "text": "Start",
                "color": "dark_green",
                "italic": false
              }
            },
            {
              "function": "minecraft:set_custom_model_data",
              "value": 4
            },
            {
              "function": "minecraft:set_count",
              "count": 1
            },
            {
              "function": "minecraft:set_custom_data",
              "tag": "{StartIcon:1b}"
            }
          ]
        }
      ]
    }
  ]
}
