{
  "type": "minecraft:command",
  "pools": [
    {
      "rolls": 1,
      "entries": [
        {
          "type": "minecraft:item",
          "name": "minecraft:warped_fungus_on_a_stick",
          "functions": [
            {
              "function": "minecraft:set_name",
              "entity": "this",
              "name": {
                "text": "Totem of Preservation",
                "color": "#46B6FB",
                "italic": false,
                "bold": true
              }
            },
            {
              "function": "minecraft:set_lore",
              "entity": "this",
              "lore": [
                {
                  "text": "• Right-click to cease",
                  "color": "white",
                  "italic": false
                },
                {
                  "text": "  losing items on death!",
                  "color": "white",
                  "italic": false
                }
              ],
              "mode": "replace_all"
            },
            {
              "function": "minecraft:set_custom_model_data",
              "value": 6
            },
            {
              "function": "minecraft:set_count",
              "count": 1
            },
            {
              "function": "minecraft:set_custom_data",
              "tag": "{TotemOfPreservation:1b}"
            }
          ]
        }
      ]
    }
  ]
}
