{
  "type": "minecraft:command",
  "pools": [
    {
      "rolls": 1,
      "entries": [
        {
          "type": "minecraft:item",
          "name": "minecraft:brick",
          "functions": [
            {
              "function": "minecraft:set_count",
              "count": 1
            },
            {
              "function": "minecraft:set_custom_model_data",
              "value": 1
            },
            {
              "function": "minecraft:set_custom_data",
              "tag": "{ZombieKillPoint:1b}"
            }
          ]
        }
      ]
    }
  ]
}