{
    "type": "minecraft:vegetation_patch",
    "config": {
      "surface": "ceiling",
      "depth": 3,
      "vertical_range": 1,
      "extra_bottom_block_chance": 0.1,
      "extra_edge_column_chance": 0.1,
      "vegetation_chance": 0.5,
      "xz_radius": 3,
      "replaceable": "#infinity_cave:pillar_go_through",
      "ground_state": {
        "type": "minecraft:weighted_state_provider",
        "entries": [
          {
            "weight": 7,
            "data": {
              "Name": "minecraft:deepslate",
              "Properties": {
                "axis": "y"
              }
            }
          },
          {
            "weight": 2,
            "data": {
              "Name": "minecraft:gravel",
              "Properties": {
                "axis": "y"
              }
            }
          }
        ]
      },
      "vegetation_feature": {
        "feature": {
          "type": "minecraft:simple_block",
          "config": {
            "to_place": {
              "type": "minecraft:weighted_state_provider",
              "entries": [
                {
                  "weight": 1,
                  "data": {
                    "Name": "minecraft:gravel"
                  }
                },
                {
                  "weight": 6,
                  "data": {
                    "Name": "minecraft:deepslate",
                    "Properties": {
                      "axis": "y"
                    }
                  }
                }
              ]
            }
          }
        },
        "placement": []
      }
    }
  }
  