{
  "type": "minecraft:block_pile",
  "config": {
    "state_provider": {
      "type": "minecraft:weighted_state_provider",
      "entries": [
        {
          "weight": 2,
          "data": {
            "Name": "minecraft:gravel"
          }
        },
        {
          "weight": 2,
          "data": {
            "Name": "minecraft:cobblestone"
          }
        },
        {
          "weight": 2,
          "data": {
            "Name": "minecraft:cobbled_deepslate"
          }
        }
      ]
    }
  }
}
