{
  "type": "minecraft:tree",
  "config": {
    "ignore_vines": true,
    "force_dirt": true,
    "minimum_size": {
      "type": "minecraft:two_layers_feature_size",
      "limit": 1,
      "lower_size": 0,
      "upper_size": 1
    },
    "dirt_provider": {
      "type": "minecraft:simple_state_provider",
      "state": {
        "Name": "minecraft:moss_block"
      }
    },
    "trunk_provider": {
      "type": "minecraft:simple_state_provider",
      "state": {
        "Name": "minecraft:bamboo_block",
        "Properties": {
          "axis": "y"
        }
      }
    },
    "foliage_provider": {
      "type": "minecraft:simple_state_provider",
      "state": {
        "Name": "minecraft:oak_leaves",
        "Properties": {
          "distance": "7",
          "persistent": "false",
          "waterlogged": "false"
        }
      }
    },
    "trunk_placer": {
      "type": "minecraft:bending_trunk_placer",
      "base_height": 1,
      "height_rand_a": 3,
      "height_rand_b": 2,
      "bend_length": {
        "type": "minecraft:uniform",
          "min_inclusive": 2,
          "max_inclusive": 3
      },
      "min_height_for_leaves": 1
    },
    "foliage_placer": {
      "type": "minecraft:bush_foliage_placer",
      "radius": 3,
      "offset": 2,
      "height": 1
    },
    "decorators": []
  }
}
