{
  "type": "minecraft:tree",
  "config": {
    "ignore_vines": true,
    "force_dirt": true,
    "minimum_size": {
      "type": "minecraft:two_layers_feature_size",
      "limit": 1,
      "lower_size": 0,
      "upper_size": 1
    },
    "dirt_provider": {
      "type": "minecraft:simple_state_provider",
      "state": {
        "Name": "minecraft:moss_block"
      }
    },
    "trunk_provider": {
      "type": "minecraft:simple_state_provider",
      "state": {
        "Name": "minecraft:bamboo_block",
        "Properties": {
          "axis": "y"
        }
      }
    },
    "foliage_provider": {
      "type": "minecraft:simple_state_provider",
      "state": {
        "Name": "minecraft:oak_leaves",
        "Properties": {
          "distance": "7",
          "persistent": "false",
          "waterlogged": "false"
        }
      }
    },
    "trunk_placer": {
      "type": "minecraft:giant_trunk_placer",
      "base_height": 7,
      "height_rand_a": 3,
      "height_rand_b": 2
    },
    "foliage_placer": {
      "type": "minecraft:acacia_foliage_placer",
      "radius": 3,
      "offset": 0
    },
    "decorators": [
      {
        "type": "minecraft:trunk_vine"
      },
      {
        "type": "minecraft:attached_to_leaves",
        "probability": 0.3,
        "exclusion_radius_xz": 2,
        "exclusion_radius_y": 4,
        "required_empty_blocks": 1,
        "block_provider": {
          "type": "minecraft:weighted_state_provider",
          "entries": [
            {
              "weight": 5,
              "data": {
                "Name": "minecraft:oak_leaves",
                "Properties": {
                  "distance": "7",
                  "persistent": "false",
                  "waterlogged": "false"
                }
              }
            },
            {
              "weight": 5,
              "data": {
                "Name": "minecraft:vine",
                "Properties": {
                  "east": "true",
                  "north": "true",
                  "south": "true",
                  "up": "true",
                  "west": "true"
                }
              }
            },
            {
              "weight": 1,
              "data": {
                "Name": "minecraft:cave_vines_plant",
                "Properties": {
                  "berries": "true"
                }
              }
            }
          ]
        },
        "directions": [
          "down"
        ]
      }
    ]
  }
}
