{
  "type": "minecraft:vegetation_patch",
  "config": {
    "surface": "floor",
    "depth": {
      "type": "minecraft:uniform",
      "min_inclusive": 4,
      "max_inclusive": 8
    },
    "vertical_range": 5,
    "extra_bottom_block_chance": 0,
    "extra_edge_column_chance": 0.5,
    "vegetation_chance": 0.5,
    "xz_radius": {
      "type": "minecraft:uniform",
      "min_inclusive": 3,
      "max_inclusive": 6
    },
    "replaceable": "#infinity_cave:all_but_lava",
    "ground_state": {
      "type": "minecraft:weighted_state_provider",
      "entries": [
        {
          "weight": 1,
          "data": {
            "Name": "minecraft:green_concrete"
          }
        },
        {
          "weight": 3,
          "data": {
            "Name": "minecraft:moss_block"
          }
        },
        {
          "weight": 2,
          "data": {
            "Name": "minecraft:deepslate",
            "Properties": {
              "axis": "y"
            }
          }
        }
      ]
    },
    "vegetation_feature": {
      "feature": {
        "type": "minecraft:simple_block",
        "config": {
          "to_place": {
            "type": "minecraft:weighted_state_provider",
            "entries": [
              {
                "weight": 4,
                "data": {
                  "Name": "minecraft:flowering_azalea"
                }
              },
              {
                "weight": 7,
                "data": {
                  "Name": "minecraft:azalea"
                }
              },
              {
                "weight": 25,
                "data": {
                  "Name": "minecraft:moss_carpet"
                }
              },
              {
                "weight": 50,
                "data": {
                  "Name": "minecraft:short_grass"
                }
              },
              {
                "weight": 10,
                "data": {
                  "Name": "minecraft:tall_grass",
                  "Properties": {
                    "half": "lower"
                  }
                }
              }
            ]
          }
        }
      },
      "placement": [
        {
          "type": "minecraft:block_predicate_filter",
          "predicate": {
            "type": "minecraft:true"
          }
        }
      ]
    }
  }
}
