{
  "carvers": {
    "air": [
    ]
  },
  "downfall": 0.4,
  "effects": {
    "fog_color": 12638463,
    "grass_color": 1457262,
    "mood_sound": {
      "block_search_extent": 8,
      "offset": 2.0,
      "sound": "minecraft:ambient.cave",
      "tick_delay": 6000
    },
    "music": {
      "max_delay": 24000,
      "min_delay": 12000,
      "replace_current_music": false,
      "sound": "minecraft:music.overworld.deep_dark"
    },
    "sky_color": 7907327,
    "water_color": 4159204,
    "water_fog_color": 329011
  },
  "features": [
    [
      "infinity_cave:depths_63",
      "infinity_cave:depths_79",
      "infinity_cave:depths_95",
      "infinity_cave:depths_111",
      "infinity_cave:depths_127",
      "infinity_cave:spawning",
      "infinity_cave:generic/delta",
      "infinity_cave:generic/rock",
      "infinity_cave:generic/pillar",
      "infinity_cave:generic/big_pillar",
      "infinity_cave:generic/small_pillar",
      "infinity_cave:generic/ores/iron",
      "infinity_cave:generic/ores/copper",
      "infinity_cave:generic/pile",
      "infinity_cave:generic/ceiling",
      "infinity_cave:deep_dark/raw_copper_block",
      "infinity_cave:generic/replace"
    ],
    [],
    [
      "minecraft:amethyst_geode"
    ],
    [
      "minecraft:monster_room",
      "minecraft:monster_room_deep"
    ],
    [],
    [
    ],
    [
      "minecraft:ore_dirt",
      "minecraft:ore_gravel",
      "minecraft:ore_granite_upper",
      "minecraft:ore_granite_lower",
      "minecraft:ore_diorite_upper",
      "minecraft:ore_diorite_lower",
      "minecraft:ore_andesite_upper",
      "minecraft:ore_andesite_lower",
      "minecraft:ore_tuff",
      "minecraft:ore_coal_upper",
      "minecraft:ore_coal_lower",
      "minecraft:ore_iron_upper",
      "minecraft:ore_iron_middle",
      "minecraft:ore_iron_small",
      "minecraft:ore_gold",
      "minecraft:ore_gold_lower",
      "minecraft:ore_redstone",
      "minecraft:ore_redstone_lower",
      "minecraft:ore_diamond",
      "minecraft:ore_diamond_medium",
      "minecraft:ore_diamond_large",
      "minecraft:ore_diamond_buried",
      "minecraft:ore_lapis",
      "minecraft:ore_lapis_buried",
      "minecraft:ore_copper",
      "minecraft:underwater_magma",
      "minecraft:disk_sand",
      "minecraft:disk_clay",
      "minecraft:disk_gravel"
    ],
    [
      "minecraft:sculk_vein",
      "minecraft:sculk_patch_deep_dark",
      "infinity_cave:deep_dark/patch_floor"
    ],
    [],
    [
      "minecraft:glow_lichen",
      "minecraft:patch_tall_grass_2",
      "minecraft:trees_plains",
      "minecraft:flower_plains",
      "minecraft:patch_grass_plain",
      "minecraft:brown_mushroom_normal",
      "minecraft:red_mushroom_normal",
      "minecraft:patch_sugar_cane",
      "minecraft:patch_pumpkin"
    ],
    [
      "minecraft:freeze_top_layer"
    ]
  ],
  "has_precipitation": false,
  "spawners": {
    "ambient": [
      {
        "type": "minecraft:strider",
        "weight": 1,
        "minCount": 1,
        "maxCount": 1
      }
    ],
    "axolotls": [],
    "creature": [],
    "misc": [],
    "monster": [],
    "underground_water_creature": [],
    "water_ambient": [],
    "water_creature": []
  },
  "spawn_costs": {
    "minecraft:strider": {
      "energy_budget": 0.25,
      "charge": 3
    }
  },
  "temperature": 0.8
}