{
    "pools": [
      {
        "rolls": 1,
        "entries": [
          {
            "type": "minecraft:item",
            "name": "minecraft:netherite_sword",
            "functions": [
              {
                "function": "minecraft:set_count",
                "count": 1
              },
              {
                "function": "minecraft:set_components",
                "components": {
                  "enchantments": {
                    "infinity_cave:technical/amethyst_blade": 1
                  },
                  "minecraft:attribute_modifiers": {
                    "modifiers": [
                      {
                        "type": "generic.attack_speed",
                        "slot": "mainhand",
                        "id": "amethyst_blade",
                        "amount": -2.3,
                        "operation": "add_value"
                      },
                      {
                        "type": "generic.attack_damage",
                        "slot": "mainhand",
                        "id": "amethyst_blade",
                        "amount": 8,
                        "operation": "add_value"
                      }
                    ],
                    "show_in_tooltip": false
                  },
                  "minecraft:custom_model_data": 1,
                  "minecraft:custom_data": {
                    "ic": "amethyst_blade"
                  }
                }
              },
              {
                "function": "minecraft:set_name",
                "name": [
                  {
                    "text": "Amethyst Blade",
                    "color": "gold",
                    "italic": false
                  }
                ]
              },
              {
                "function": "minecraft:set_lore",
                "lore": [
                  {
                    "text": " "
                  },
                  {
                    "text": "Deals more damage when enemy ",
                    "color": "gray",
                    "italic": false
                  },
                  {
                    "text": "is under half health, also has ",
                    "color": "gray",
                    "italic": false
                  },
                  {
                    "text": "a 20% chance of stealing the ",
                    "color": "gray",
                    "italic": false
                  },
                  {
                    "text": "enemy's Regeneration effect. ",
                    "color": "gray",
                    "italic": false
                  },
                  {
                    "text": " "
                  },
                  {
                    "text": "When in Main Hand:",
                    "color": "gray",
                    "italic": false
                  },
                  {
                    "text": " 9 Attack Damage ",
                    "color": "dark_green",
                    "italic": false
                  },
                  {
                    "text": " 1.7 Attack Speed",
                    "color": "dark_green",
                    "italic": false
                  }
                ],
                "mode": "append"
              }
            ]
          }
        ]
      }
    ]
  }
  