{
    "pools": [
      {
        "rolls": 1,
        "entries": [
          {
            "type": "minecraft:item",
            "name": "minecraft:crossbow",
            "functions": [
              {
                "function": "minecraft:set_count",
                "count": 1
              },
              {
                "function": "minecraft:set_components",
                "components": {
                  "minecraft:custom_model_data": 1,
                  "minecraft:custom_data": {
                    "ic": "icicle_crossbow"
                  }
                }
              },
              {
                "function": "minecraft:set_name",
                "name": [
                  {
                    "text": "Icicle Crossbow",
                    "color": "gold",
                    "italic": false
                  }
                ]
              },
              {
                "function": "minecraft:set_lore",
                "lore": [
                  {
                    "text": " "
                  },
                  {
                    "text": "Projectiles travel 3 times",
                    "color": "gray",
                    "italic": false
                  },
                  {
                    "text": "faster, dealing more damage. ",
                    "color": "gray",
                    "italic": false
                  }
                ],
                "mode": "append"
              }
            ]
          }
        ]
      }
    ]
  }
  