{
    "pools": [
      {
        "rolls": 1,
        "entries": [
          {
            "type": "minecraft:item",
            "weight": 2,
            "name": "minecraft:stone_sword",
            "functions": [
              {
                "function": "minecraft:set_count",
                "count": 1
              },
              {
                "function": "minecraft:set_components",
                "components": {
                  "minecraft:attribute_modifiers": {
                    "modifiers": [
                      {
                        "type": "generic.attack_speed",
                        "slot": "mainhand",
                        "id": "heavy_sword",
                        "amount": -2.7,
                        "operation": "add_value"
                      },
                      {
                        "type": "generic.attack_damage",
                        "slot": "mainhand",
                        "id": "heavy_sword",
                        "amount": 7.5,
                        "operation": "add_value"
                      }
                    ],
                    "show_in_tooltip": false
                  },
                  "max_damage": 1500,
                  "minecraft:custom_model_data": 1,
                  "minecraft:custom_data": {
                    "weapon": "ic",
                    "ic": "heavy_sword"
                  }
                }
              },
              {
                "function": "set_name",
                "name": [
                  {
                    "text": "Heavy Sword"
                  }
                ],
                "target": "item_name"
              },
              {
                "function": "minecraft:set_lore",
                "lore": [
                  {
                    "text": " "
                  },
                  {
                    "text": "When in Main Hand:",
                    "color": "gray",
                    "italic": false
                  },
                  {
                    "text": " 8.5 Attack Damage ",
                    "color": "dark_green",
                    "italic": false
                  },
                  {
                    "text": " 1.3 Attack Speed",
                    "color": "dark_green",
                    "italic": false
                  }
                ],
                "mode": "append"
              }
            ]
          },
          {
            "type": "minecraft:item",
            "weight": 1,
            "name": "minecraft:mace"
          },
          {
            "type": "minecraft:item",
            "weight": 2,
            "name": "minecraft:stone_sword",
            "functions": [
              {
                "function": "minecraft:set_count",
                "count": 1
              },
              {
                "function": "minecraft:set_components",
                "components": {
                  "minecraft:attribute_modifiers": {
                    "modifiers": [
                      {
                        "type": "generic.attack_speed",
                        "slot": "mainhand",
                        "id": "fiery_sword",
                        "amount": -2.3,
                        "operation": "add_value"
                      },
                      {
                        "type": "generic.attack_damage",
                        "slot": "mainhand",
                        "id": "fiery_sword",
                        "amount": 6,
                        "operation": "add_value"
                      },
                      {
                        "type": "generic.burning_time",
                        "slot": "mainhand",
                        "id": "fiery_sword",
                        "amount": -10000,
                        "operation": "add_value"
                      }
                    ],
                    "show_in_tooltip": false
                  },
                  "max_damage": 1200,
                  "minecraft:custom_model_data": 2,
                  "minecraft:custom_data": {
                    "weapon": "ic",
                    "ic": "fiery_sword"
                  }
                }
              },
              {
                "function": "set_name",
                "name": [
                  {
                    "text": "Fiery Sword"
                  }
                ],
                "target": "item_name"
              },
              {
                "function": "minecraft:set_lore",
                "lore": [
                  {
                    "text": "Burn Immunity",
                    "color": "gray",
                    "italic": false
                  },
                  {
                    "text": " "
                  },
                  {
                    "text": "When in Main Hand:",
                    "color": "gray",
                    "italic": false
                  },
                  {
                    "text": " 7 Attack Damage ",
                    "color": "dark_green",
                    "italic": false
                  },
                  {
                    "text": " 1.7 Attack Speed",
                    "color": "dark_green",
                    "italic": false
                  }
                ],
                "mode": "append"
              }
            ]
          },
          {
            "type": "minecraft:item",
            "weight": 2,
            "name": "minecraft:goat_horn",
            "functions": [
              {
                "function": "minecraft:set_name",
                "entity": "this",
                "name": "Bonding Sword",
                "target": "item_name"
              },
              {
                "function": "minecraft:set_attributes",
                "modifiers": [
                  {
                    "id": "cdlib.id",
                    "attribute": "minecraft:generic.luck",
                    "amount": {
                      "min": -100000,
                      "max": 100000
                    },
                    "operation": "add_value",
                    "slot": "body"
                  }
                ]
              },
              {
                "function": "minecraft:toggle_tooltips",
                "toggles": {
                  "attribute_modifiers": false
                }
              },
              {
                "function": "set_components",
                "components": {
                  "enchantments": {
                    "infinity_cave:zbonding_sword": 1
                  },
                  "rarity":"rare",
                  "minecraft:repair_cost": 99999,
                  "max_damage": 1481,
                  "minecraft:damage": 0,
                  "minecraft:max_stack_size": 1,
                  "minecraft:custom_model_data": 3,
                  "minecraft:custom_data": {
                    "weapon": "ic",
                    "ic": "bonding_sword",
                    "cdlib": 1
                  },
                  "instrument": {
                    "use_duration": 200,
                    "range": 0.01,
                    "sound_event": "entity.zombie.death"
                  },
                  "minecraft:tool": {
                    "damage_per_block": 2,
                    "rules": [
                      {
                        "blocks": "minecraft:cobweb",
                        "correct_for_drops": true,
                        "speed": 15.0
                      },
                      {
                        "blocks": "#minecraft:sword_efficient",
                        "speed": 1.5
                      }
                    ]
                  }
                }
              },
              {
                "function": "minecraft:set_lore",
                "lore": [
                  {
                    "text": "Right Click to heal ",
                    "color": "gray",
                    "italic": false
                  },
                  {
                    "text": "4 hearts ",
                    "color": "gray",
                    "italic": false
                  },
                  {
                    "text": " "
                  },
                  {
                    "text": "When in Main Hand:",
                    "color": "gray",
                    "italic": false
                  },
                  {
                    "text": " 6 Attack Damage ",
                    "color": "dark_green",
                    "italic": false
                  },
                  {
                    "text": " 1.6 Attack Speed",
                    "color": "dark_green",
                    "italic": false
                  }
                ],
                "mode": "append"
              }
            ]
          },
          {
            "type": "minecraft:item",
            "weight": 2,
            "name": "minecraft:goat_horn",
            "functions": [
              {
                "function": "minecraft:set_name",
                "entity": "this",
                "name": "Ender Sword",
                "target": "item_name"
              },
              {
                "function": "minecraft:set_attributes",
                "modifiers": [
                  {
                    "id": "cdlib.id",
                    "attribute": "minecraft:generic.luck",
                    "amount": {
                      "min": -100000,
                      "max": 100000
                    },
                    "operation": "add_value",
                    "slot": "body"
                  }
                ]
              },
              {
                "function": "minecraft:toggle_tooltips",
                "toggles": {
                  "attribute_modifiers": false
                }
              },
              {
                "function": "set_components",
                "components": {
                  "enchantments": {
                    "infinity_cave:zender_sword": 1
                  },
                  "rarity":"rare",
                  "minecraft:repair_cost": 99999,
                  "max_damage": 1481,
                  "minecraft:damage": 0,
                  "minecraft:max_stack_size": 1,
                  "minecraft:custom_model_data": 2,
                  "minecraft:custom_data": {
                    "weapon": "ic",
                    "ic": "ender_sword",
                    "cdlib": 1
                  },
                  "instrument": {
                    "use_duration": 300,
                    "range": 0.01,
                    "sound_event": "entity.zombie.death"
                  },
                  "minecraft:tool": {
                    "damage_per_block": 2,
                    "rules": [
                      {
                        "blocks": "minecraft:cobweb",
                        "correct_for_drops": true,
                        "speed": 15.0
                      },
                      {
                        "blocks": "#minecraft:sword_efficient",
                        "speed": 1.5
                      }
                    ]
                  }
                }
              },
              {
                "function": "minecraft:set_lore",
                "lore": [
                  {
                    "text": "Right Click to teleport ",
                    "color": "gray",
                    "italic": false
                  },
                  {
                    "text": "20 blocks forward ",
                    "color": "gray",
                    "italic": false
                  },
                  {
                    "text": " "
                  },
                  {
                    "text": "When in Main Hand:",
                    "color": "gray",
                    "italic": false
                  },
                  {
                    "text": " 7 Attack Damage ",
                    "color": "dark_green",
                    "italic": false
                  },
                  {
                    "text": " 1.6 Attack Speed",
                    "color": "dark_green",
                    "italic": false
                  }
                ],
                "mode": "append"
              }
            ]
          },
          {
            "type": "minecraft:item",
            "name": "minecraft:goat_horn",
            "functions": [
              {
                "function": "minecraft:set_name",
                "entity": "this",
                "name": "Katana",
                "target": "item_name"
              },
              {
                "function": "minecraft:set_attributes",
                "modifiers": [
                  {
                    "id": "cdlib.id",
                    "attribute": "minecraft:generic.luck",
                    "amount": {
                      "min": -100000,
                      "max": 100000
                    },
                    "operation": "add_value",
                    "slot": "body"
                  }
                ]
              },
              {
                "function": "minecraft:toggle_tooltips",
                "toggles": {
                  "attribute_modifiers": false
                }
              },
              {
                "function": "set_components",
                "components": {
                  "enchantments": {
                    "infinity_cave:zkatana": 1
                  },
                  "rarity":"epic",
                  "minecraft:repair_cost": 99999,
                  "max_damage": 2137,
                  "minecraft:damage": 0,
                  "minecraft:max_stack_size": 1,
                  "minecraft:custom_model_data": 1,
                  "minecraft:custom_data": {
                    "weapon": "ic",
                    "ic": "katana",
                    "cdlib": 1
                  },
                  "instrument": {
                    "use_duration": 200,
                    "range": 0.01,
                    "sound_event": "entity.zombie.death"
                  },
                  "minecraft:tool": {
                    "damage_per_block": 2,
                    "rules": [
                      {
                        "blocks": "minecraft:cobweb",
                        "correct_for_drops": true,
                        "speed": 15.0
                      },
                      {
                        "blocks": "#minecraft:sword_efficient",
                        "speed": 1.5
                      }
                    ]
                  }
                }
              },
              {
                "function": "minecraft:set_lore",
                "lore": [
                  {
                    "text": "Right-click to launch forward, ",
                    "color": "gray",
                    "italic": false
                  },
                  {
                    "text": "damage is increased based on ",
                    "color": "gray",
                    "italic": false
                  },
                  {
                    "text": "the user's horizontal speed. ",
                    "color": "gray",
                    "italic": false
                  },
                  {
                    "text": " "
                  },
                  {
                    "text": "When in Main Hand:",
                    "color": "gray",
                    "italic": false
                  },
                  {
                    "text": " 8 Attack Damage ",
                    "color": "dark_green",
                    "italic": false
                  },
                  {
                    "text": " 1.8 Attack Speed",
                    "color": "dark_green",
                    "italic": false
                  }
                ],
                "mode": "append"
              }
            ]
          },
          {
            "type": "minecraft:item",
            "weight": 2,
            "name": "minecraft:stone_axe",
            "functions": [
              {
                "function": "minecraft:set_count",
                "count": 1
              },
              {
                "function": "minecraft:set_components",
                "components": {
                  "minecraft:attribute_modifiers": {
                    "modifiers": [
                      {
                        "type": "generic.attack_speed",
                        "slot": "mainhand",
                        "id": "aqua_axe",
                        "amount": -2.9,
                        "operation": "add_value"
                      },
                      {
                        "type": "generic.attack_damage",
                        "slot": "mainhand",
                        "id": "aqua_axe",
                        "amount": 8.5,
                        "operation": "add_value"
                      },
                      {
                        "type": "generic.water_movement_efficiency",
                        "slot": "mainhand",
                        "id": "aqua_axe",
                        "amount": 10,
                        "operation": "add_value"
                      }
                    ],
                    "show_in_tooltip": false
                  },
                  "max_damage": 1200,
                  "minecraft:custom_model_data": 1,
                  "minecraft:custom_data": {
                    "weapon": "ic",
                    "ic": "aqua_axe"
                  },
                  "minecraft:tool": {
                    "rules": [
                      {
                        "blocks": "#minecraft:mineable/axe",
                        "speed": 10
                      }
                    ],
                    "default_mining_speed": 1,
                    "damage_per_block": 1
                  }
                }
              },
              {
                "function": "set_name",
                "name": [
                  {
                    "text": "Aqua Axe"
                  }
                ],
                "target": "item_name"
              },
              {
                "function": "minecraft:set_lore",
                "lore": [
                  {
                    "text": " "
                  },
                  {
                    "text": "Moves faster in",
                    "color": "gray",
                    "italic": false
                  },
                  {
                    "text": "water when held ",
                    "color": "gray",
                    "italic": false
                  },
                  {
                    "text": " "
                  },
                  {
                    "text": "When in Main Hand:",
                    "color": "gray",
                    "italic": false
                  },
                  {
                    "text": " 9.5 Attack Damage ",
                    "color": "dark_green",
                    "italic": false
                  },
                  {
                    "text": " 1.1 Attack Speed",
                    "color": "dark_green",
                    "italic": false
                  }
                ],
                "mode": "append"
              }
            ]
          }
        ]
      }
    ]
  }
  