{
    "pools": [
      {
        "rolls": 1,
        "entries": [
          {
            "type": "minecraft:item",
            "name": "minecraft:bow",
            "functions": [
              {
                "function": "minecraft:set_count",
                "count": 1
              },
              {
                "function": "minecraft:set_components",
                "components": {
                  "max_damage": 2500,
                  "minecraft:custom_model_data": 1,
                  "minecraft:custom_data": {
                    "ic": "sonic_bow"
                  }
                }
              },
              {
                "function": "minecraft:set_name",
                "name": [
                  {
                    "text": "Supersonic Bow",
                    "color": "gold",
                    "italic": false
                  }
                ]
              },
              {
                "function": "minecraft:set_lore",
                "lore": [
                  {
                    "text": " "
                  },
                  {
                    "text": "Bow is chargable and will gain ",
                    "color": "gray",
                    "italic": false
                  },
                  {
                    "text": "momentum the longer charged ",
                    "color": "gray",
                    "italic": false
                  },
                  {
                    "text": "gaining pierce at charge level ",
                    "color": "gray",
                    "italic": false
                  },
                  {
                    "text": "2 or higher. ",
                    "color": "gray",
                    "italic": false
                  },
                  {
                    "text": " ",
                    "color": "gray",
                    "italic": false
                  },
                  {
                    "text": "If an emnemy is close while ",
                    "color": "gray",
                    "italic": false
                  },
                  {
                    "text": "shooting a charged shot, an ",
                    "color": "gray",
                    "italic": false
                  },
                  {
                    "text": "explosion occurs instead. ",
                    "color": "gray",
                    "italic": false
                  }
                ],
                "mode": "append"
              }
            ]
          }
        ]
      }
    ]
  }
  