{
    "condition": "minecraft:any_of",
    "terms": [
      {
        "condition": "minecraft:location_check",
        "predicate": {
          "position": {
            "y": {
              "max": -56
            }
          },
          "biomes": "minecraft:deep_dark"
        }
      },
      {
        "condition": "minecraft:location_check",
        "predicate": {
          "position": {
            "y": {
              "max": -56
            }
          },
          "biomes": "infinity_cave:deeprock_caverns"
        }
      },
      {
        "condition": "minecraft:location_check",
        "predicate": {
          "position": {
            "y": {
              "max": -56
            }
          },
          "biomes": "infinity_cave:amethyst_caves"
        }
      },
      {
        "condition": "minecraft:location_check",
        "predicate": {
          "position": {
            "y": {
              "max": -56
            }
          },
          "biomes": "infinity_cave:limestone_grotto"
        }
      },
      {
        "condition": "minecraft:location_check",
        "predicate": {
          "position": {
            "y": {
              "max": -56
            }
          },
          "biomes": "infinity_cave:sulfide_caves"
        }
      },
      {
        "condition": "minecraft:location_check",
        "predicate": {
          "position": {
            "y": {
              "max": -56
            }
          },
          "biomes": "infinity_cave:frozen_caves"
        }
      },
      {
        "condition": "minecraft:location_check",
        "predicate": {
          "position": {
            "y": {
              "max": -56
            }
          },
          "biomes": "infinity_cave:molten_caves"
        }
      }
    ]
  }
  