{
    "pools": [
      {
        "rolls": 5,
        "entries": [
          {
            "type": "minecraft:item",
            "weight": 1,
            "name": "minecraft:enchanted_golden_apple"
          },
          {
            "type": "minecraft:item",
            "name": "minecraft:totem_of_undying"
          },
          {
            "type": "minecraft:item",
            "weight": 1,
            "name": "minecraft:chorus_fruit",
            "functions": [
              {
                "function": "minecraft:set_components",
                "components": {
                  "minecraft:enchantment_glint_override": true,
                  "minecraft:custom_data": {
                    "ic": "enchanted_chorus_fruit"
                  }
                }
              },
              {
                "function": "minecraft:set_name",
                "entity": "this",
                "name": [
                  {
                    "text": "Enchanted Chorus Fruit",
                    "color": "light_purple",
                    "italic": false
                  }
                ]
              }
            ],
            "conditions": [
              {
                "condition": "minecraft:random_chance",
                "chance": 0.5
              }
            ]
          },
          {
            "type": "minecraft:loot_table",
            "value": "infinity_cave:return/magic_repair",
            "weight": 1,
            "functions": [
              {
                "function": "minecraft:set_count",
                "count": {
                  "min": 1,
                  "max": 2
                }
              }
            ]
          },
          {
            "type": "minecraft:item",
            "name": "minecraft:book",
            "weight": 1,
            "functions": [
              {
                "function": "minecraft:enchant_randomly",
                "options": "infinity_cave:wind_cloak",
                "only_compatible": true
              }
            ],
            "conditions": [
              {
                "condition": "minecraft:random_chance",
                "chance": 0.25
              }
            ]
          },
          {
            "type": "minecraft:item",
            "weight": 1,
            "name": "minecraft:book",
            "functions": [
              {
                "function": "minecraft:enchant_with_levels",
    "options": "#infinity_cave:valid",
                "levels": 50
              }
            ]
          },
          {
            "type": "minecraft:item",
            "weight": 2,
            "name": "minecraft:golden_apple",
            "functions": [
              {
                "function": "minecraft:set_count",
                "count": {
                  "min": 4,
                  "max": 8
                }
              }
            ]
          }
        ]
      }
    ]
  }
  