{
  "display": {
    "icon": {
      "id": "minecraft:bone_block"
    },
    "title": "Ancient Pharmaceuticals",
    "description": [
      {
        "text": "Find loot in the Sulfide Huts!"
      }
    ],
    "show_toast": true,
    "announce_to_chat": true,
    "hidden": false
  },
  "parent": "infinity_cave:display/structure/limestone_houses",
  "criteria": {
    "requirement": {
      "trigger": "minecraft:player_generates_container_loot",
      "conditions": {
        "loot_table": "infinity_cave:structures/sulfide_huts"
      }
    }
  }
}
