{
    "feature": "infinity_cave:sulfide_caves/replace",
    "placement": [
      {
        "type": "minecraft:count",
        "count": 30
      },
      {
        "type": "minecraft:count",
        "count": 120
      },
      {
        "type": "minecraft:in_square"
      },
      {
        "type": "minecraft:height_range",
        "height": {
          "type": "minecraft:uniform",
          "min_inclusive": {
            "above_bottom": -121
          },
          "max_inclusive": {
            "absolute": -55
          }
        }
      },
      {
        "type": "minecraft:biome"
      }
    ]
  }