{
    "description": {
      "translate": "enchantment.infinity_cave.anti_fall",
      "fallback": "Anti-Fall",
      "color": "gold"
    },
    "supported_items": "#minecraft:enchantable/foot_armor",
    "weight": 3,
    "max_level": 1,
    "min_cost": {
      "base": 30,
      "per_level_above_first": 6
    },
    "max_cost": {
      "base": 75,
      "per_level_above_first": 6
    },
    "anvil_cost": 2,
    "slots": [
      "feet"
    ],
    "effects": {
      "minecraft:damage_immunity": [
        {
          "effect": {},
          "requirements": {
            "condition": "minecraft:damage_source_properties",
            "predicate": {
              "tags": [
                {
                  "id": "minecraft:is_fall",
                  "expected": true
                },
                {
                  "id": "minecraft:bypasses_invulnerability",
                  "expected": false
                }
              ]
            }
          }
        }
      ]
    }
  }
  