{
    "description": {
      "translate": "enchantment.infinity_cave.durable",
      "fallback": "Durable"
    },
    "supported_items": "#minecraft:enchantable/durability",
    "weight": 5,
    "max_level": 3,
    "min_cost": {
      "base": 15,
      "per_level_above_first": 10
    },
    "max_cost": {
      "base": 55,
      "per_level_above_first": 10
    },
    "anvil_cost": 2,
    "slots": [
      "any"
    ],
    "effects": {
        "minecraft:item_damage": [
          {
            "effect": {
              "type": "minecraft:remove_binomial",
              "chance": {
                "type": "minecraft:fraction",
                "numerator": {
                  "type": "minecraft:linear",
                  "base": 8,
                  "per_level_above_first": 3
                },
                "denominator": {
                  "type": "minecraft:linear",
                  "base": 10,
                  "per_level_above_first": 2.5
                }
              }
            },
            "requirements": {
              "condition": "minecraft:match_tool",
              "predicate": {
                "items": "#minecraft:enchantable/armor"
              }
            }
          },
          {
            "effect": {
              "type": "minecraft:remove_binomial",
              "chance": {
                "type": "minecraft:fraction",
                "numerator": {
                  "type": "minecraft:linear",
                  "base": 3.5,
                  "per_level_above_first": 3
                },
                "denominator": {
                  "type": "minecraft:linear",
                  "base": 5,
                  "per_level_above_first": 2.5
                }
              }
            },
            "requirements": {
              "condition": "minecraft:inverted",
              "term": {
                "condition": "minecraft:match_tool",
                "predicate": {
                  "items": "#minecraft:enchantable/armor"
                }
              }
            }
          }
        ]
      }
    }
    