{
  "description": {
    "translate": "enchantment.infinity_cave.experience",
      "fallback": "Experience"
    },
    "supported_items": "#minecraft:enchantable/sword",
    "weight": 4,
    "max_level": 5,
    "min_cost": {
      "base": 15,
      "per_level_above_first": 9
    },
    "max_cost": {
      "base": 65,
      "per_level_above_first": 9
    },
    "anvil_cost": 4,
    "slots": [
      "mainhand"
    ],
    "effects": {
      "minecraft:mob_experience": [
        {
          "effect": {
            "type": "minecraft:add",
            "value": {
              "type": "minecraft:linear",
              "base": 12.5,
              "per_level_above_first": 12.5
            }
          }
        }
      ]
    }
  }
  