{
    "description": {
      "translate": "enchantment.infinity_cave.farhold",
      "fallback": "Farhold",
      "color": "gold"
    },
    "exclusive_set": "#minecraft:exclusive_set/mining",
    "supported_items": "#minecraft:enchantable/mining_loot",
    "weight": 3,
    "max_level": 3,
    "min_cost": {
      "base": 25,
      "per_level_above_first": 6
    },
    "max_cost": {
      "base": 65,
      "per_level_above_first": 6
    },
    "anvil_cost": 8,
    "slots": [
      "mainhand"
    ],
    "effects": {
      "minecraft:attributes": [
        {
          "id": "ic.farhold",
          "attribute": "minecraft:player.block_interaction_range",
          "amount": {
            "type": "minecraft:linear",
            "base": 0.5,
            "per_level_above_first": 0.5
          },
          "operation": "add_value"
        }
      ]
    }
  }
  