{
  "description": {
    "translate": "enchantment.infinity_cave.firework_arrow",
      "fallback": "Firework Arrow"
    },
    "supported_items": "#minecraft:enchantable/bow",
    "weight": 3,
    "max_level": 1,
    "min_cost": {
      "base": 30,
      "per_level_above_first": 10
    },
    "max_cost": {
      "base": 58,
      "per_level_above_first": 10
    },
    "anvil_cost": 4,
    "slots": [
      "mainhand"
    ],
    "effects": {
      "minecraft:hit_block": [
        {
          "effect": {
            "type": "minecraft:run_function",
            "function": "infinity_cave:enchantments/firework_arrow"
          },
          "requirements": {
            "condition": "minecraft:entity_properties",
            "entity": "this",
            "predicate": {
              "type": "#minecraft:arrows"
            }
          }
        }
      ],
      "minecraft:post_attack": [
        {
          "enchanted": "attacker",
          "affected": "victim",
          "effect": {
            "type": "minecraft:run_function",
            "function": "infinity_cave:enchantments/firework_arrow"
          }
        }
      ]
    }
  }
  