{
  "description": {
    "translate": "enchantment.infinity_cave.ice_cloak",
    "fallback": "Ice Cloak",
    "color": "aqua",
    "bold": true
  },
  "exclusive_set": "#infinity_cave:exclusive_set/cloaks",
  "supported_items": "#minecraft:enchantable/chest_armor",
  "weight": 1,
  "max_level": 1,
  "min_cost": {
    "base": 48,
    "per_level_above_first": 0
  },
  "max_cost": {
    "base": 65,
    "per_level_above_first": 0
  },
  "anvil_cost": 1,
  "slots": [
    "chest"
  ],
  "effects": {
    "minecraft:tick": [
      {
        "effect": {
          "type": "minecraft:spawn_particles",
          "particle": {
            "type": "minecraft:snowflake"
          },
          "horizontal_position": {
            "type": "in_bounding_box",
            "offset": 0,
            "scale": 2
          },
          "vertical_position": {
            "type": "entity_position",
            "offset": 1
          },
          "horizontal_velocity": {
            "base": 0,
            "movement_scale": 0.2
          },
          "vertical_velocity": {
            "base": 0,
            "movement_scale": 0.2
          },
          "speed": 0.4
        },
        "requirements": {
          "condition": "minecraft:entity_properties",
          "entity": "this",
          "predicate": {
            "periodic_tick": 8
          }
        }
      }
    ],
    "minecraft:attributes": [
      {
        "id": "ic.ice_cloak",
        "attribute": "minecraft:player.block_break_speed",
        "amount": 1,
        "operation": "add_value"
      }
    ]
  }
}
