{
  "description": {
    "translate": "enchantment.infinity_cave.lifesteal",
    "fallback": "Lifesteal"
  },
  "supported_items": "#infinity_cave:sharpness",
  "weight": 3,
  "max_level": 5,
  "min_cost": {
    "base": 12,
    "per_level_above_first": 10
  },
  "max_cost": {
    "base": 37,
    "per_level_above_first": 10
  },
  "anvil_cost": 4,
  "slots": [
    "mainhand"
  ],
  "effects": {
    "minecraft:post_attack": [
      {
        "enchanted": "attacker",
        "affected": "attacker",
        "effect": {
          "type": "minecraft:apply_mob_effect",
          "to_apply": [
            "minecraft:regeneration"
          ],
          "min_duration": {
            "type": "minecraft:linear",
            "base": 0.05,
            "per_level_above_first": 0.0434
          },
          "max_duration": {
            "type": "minecraft:linear",
            "base": 0.05,
            "per_level_above_first": 0.0434
          },
          "min_amplifier": 127,
          "max_amplifier": 127
        },
        "requirements": {
          "condition": "minecraft:random_chance",
          "chance": {
            "type": "minecraft:enchantment_level",
            "amount": {
              "type": "minecraft:linear",
              "base": 0.15,
              "per_level_above_first": 0.025
            }
          }
        }
      }
    ]
  }
}
