{
  "description": {
    "translate": "enchantment.infinity_cave.magic_protection",
      "fallback": "Magic Protection"
    },
    "exclusive_set": "#minecraft:exclusive_set/armor",
    "supported_items": "#minecraft:enchantable/armor",
    "weight": 6,
    "max_level": 4,
    "min_cost": {
      "base": 1,
      "per_level_above_first": 11
    },
    "max_cost": {
      "base": 12,
      "per_level_above_first": 11
    },
    "anvil_cost": 1,
    "slots": [
      "armor"
    ],
    "effects": {
      "minecraft:damage_protection": [
        {
          "effect": {
            "type": "minecraft:add",
            "value": {
              "type": "minecraft:linear",
              "base": 2.5,
              "per_level_above_first": 2.5
            }
          },
          "requirements": {
            "condition": "minecraft:damage_source_properties",
            "predicate": {
              "tags": [
                {
                  "id": "infinity_cave:magic",
                  "expected": true
                }
              ]
            }
          }
        }
      ]
    }
  }
  