{
  "description": {
    "translate": "enchantment.infinity_cave.nurished",
      "fallback": "Nurished"
    },
    "supported_items": "#minecraft:enchantable/head_armor",
    "weight": 2,
    "max_level": 1,
    "min_cost": {
      "base": 10,
      "per_level_above_first": 10
    },
    "max_cost": {
      "base": 40,
      "per_level_above_first": 10
    },
    "anvil_cost": 4,
    "slots": [
      "head"
    ],
    "effects": {
      "minecraft:location_changed": [
        {
          "effect": {
            "type": "minecraft:apply_mob_effect",
            "to_apply": "minecraft:saturation",
            "min_duration": 0.05,
            "max_duration": 0.05,
            "min_amplifier": 0,
            "max_amplifier": 0
          },
          "requirements": {
            "condition": "minecraft:entity_properties",
            "entity": "this",
            "predicate": {
              "movement": {
                "speed": {
                  "min": 5
                }
              },
              "periodic_tick": 50
            }
          }
        }
      ]
    }
  }
  