{
  "description": {
    "translate": "enchantment.infinity_cave.spider_web",
    "fallback": "Spider Web"
  },
  "supported_items": "#minecraft:enchantable/weapon",
  "primary_items": "#minecraft:enchantable/sword",
  "weight": 2,
  "max_level": 3,
  "min_cost": {
    "base": 22,
    "per_level_above_first": 10
  },
  "max_cost": {
    "base": 37,
    "per_level_above_first": 20
  },
  "anvil_cost": 4,
  "slots": [
    "mainhand"
  ],
  "effects": {
    "minecraft:post_attack": [
      {
        "enchanted": "attacker",
        "affected": "victim",
        "effect": {
          "type": "minecraft:run_function",
          "function": "infinity_cave:enchantments/spider_web"
        },
        "requirements": [
          {
            "condition": "minecraft:damage_source_properties",
            "predicate": {
              "is_direct": true
            }
          },
          {
            "condition": "minecraft:random_chance",
            "chance": {
              "type": "minecraft:enchantment_level",
              "amount": {
                "type": "minecraft:linear",
                "base": 0.05,
                "per_level_above_first": 0.05
              }
            }
          }
        ]
      }
    ]
  }
}
