{
  "description": {
    "translate": "enchantment.infinity_cave.tipped",
      "fallback": "Tipped"
    },
    "supported_items": "#infinity_cave:sharpness",
    "weight": 5,
    "max_level": 5,
    "min_cost": {
      "base": 1,
      "per_level_above_first": 11
    },
    "max_cost": {
      "base": 21,
      "per_level_above_first": 11
    },
    "anvil_cost": 1,
    "slots": [
      "mainhand"
    ],
    "effects": {
      "minecraft:post_attack": [
        {
          "enchanted": "attacker",
          "affected": "victim",
          "effect": {
            "type": "minecraft:apply_mob_effect",
            "to_apply": "minecraft:poison",
            "min_duration": {
              "type": "minecraft:linear",
              "base": 3,
              "per_level_above_first": 1
            },
            "max_duration": {
              "type": "minecraft:linear",
              "base": 6,
              "per_level_above_first": 1
            },
            "min_amplifier": {
              "type": "minecraft:linear",
              "base": 1,
              "per_level_above_first": 1
            },
            "max_amplifier": {
              "type": "minecraft:linear",
              "base": 1,
              "per_level_above_first": 1
            }
          },
          "requirements": {
            "condition": "minecraft:random_chance",
            "chance": {
              "type": "minecraft:enchantment_level",
              "amount": {
                "type": "minecraft:linear",
                "base": 0.05,
                "per_level_above_first": 0.05
              }
            }
          }
        }
      ]
    }
  }
  