{
  "description": {
    "translate": "enchantment.infinity_cave.vitality",
      "fallback": "Vitality"
    },
    "supported_items": "#minecraft:enchantable/chest_armor",
    "weight": 3,
    "max_level": 4,
    "min_cost": {
      "base": 20,
      "per_level_above_first": 10
    },
    "max_cost": {
      "base": 75,
      "per_level_above_first": 10
    },
    "anvil_cost": 8,
    "slots": [
      "chest"
    ],
    "effects": {
      "minecraft:attributes": [
        {
          "id": "ic.vitality",
          "attribute": "minecraft:generic.max_health",
          "amount": {
            "type": "minecraft:linear",
            "base": 1,
            "per_level_above_first": 1
          },
          "operation": "add_value"
        }
      ]
    }
  }
  