{
  "description": {
    "translate": "enchantment.infinity_cave.warden_immunity",
      "fallback": "Warden Immunity",
      "color": "gold"
    },
    "supported_items": "#minecraft:enchantable/chest_armor",
    "weight": 4,
    "max_level": 1,
    "min_cost": {
      "base": 50,
      "per_level_above_first": 11
    },
    "max_cost": {
      "base": 50,
      "per_level_above_first": 11
    },
    "anvil_cost": 1,
    "slots": [
      "chest"
    ],
    "effects": {
      "minecraft:damage_immunity": [
        {
          "effect": {},
          "requirements": {
            "condition": "minecraft:damage_source_properties",
            "predicate": {
              "source_entity": {
                "type": "minecraft:warden"
              }
            }
          }
        }
      ]
    }
  }
  