{
  "description": {
    "translate": "enchantment.infinity_cave.wind_cloak",
    "fallback": "Wind Cloak",
    "color": "white",
    "bold": true
  },
  "exclusive_set": "#infinity_cave:exclusive_set/cloaks",
  "supported_items": "#minecraft:enchantable/chest_armor",
  "weight": 1,
  "max_level": 1,
  "min_cost": {
    "base": 48,
    "per_level_above_first": 0
  },
  "max_cost": {
    "base": 65,
    "per_level_above_first": 0
  },
  "anvil_cost": 1,
  "slots": [
    "chest"
  ],
  "effects": {
    "minecraft:tick": [
      {
        "effect": {
          "type": "minecraft:run_function",
          "function": "infinity_cave:particles/wind_power/animate"
        },
        "requirements": {
          "condition": "minecraft:entity_properties",
          "entity": "this",
          "predicate": {
            "movement": {
              "speed": {
                "max": 0.1
              },
              "horizontal_speed": {
                "max": 0.1
              },
              "vertical_speed": {
                "max": 0.1
              }
            }
          }
        }
      },
      {
        "effect": {
          "type": "minecraft:spawn_particles",
          "particle": {
            "type": "minecraft:firework"
          },
          "horizontal_position": {
            "type": "entity_position",
            "offset": 0
          },
          "vertical_position": {
            "type": "entity_position",
            "offset": 1
          },
          "horizontal_velocity": {
            "base": 0,
            "movement_scale": 0
          },
          "vertical_velocity": {
            "base": 0,
            "movement_scale": 0
          },
          "speed": 0.1
        },
        "requirements": {
          "condition": "minecraft:entity_properties",
          "entity": "this",
          "predicate": {
            "periodic_tick": 10
          }
        }
      }
    ],
    "minecraft:post_attack": [
      {
        "enchanted": "victim",
        "affected": "victim",
        "effect": {
          "type": "minecraft:run_function",
          "function": "infinity_cave:enchantments/wind_cloak/spawn"
        },
        "requirements": {
          "condition": "minecraft:random_chance",
          "chance": 0.1
        }
      }
    ]
  }
}
