{
  "description": {
    "translate": "enchantment.infinity_cave.yield",
      "fallback": "Yield"
    },
    "exclusive_set": "#minecraft:exclusive_set/mining",
    "supported_items": "#minecraft:enchantable/mining_loot",
    "weight": 2,
    "max_level": 5,
    "min_cost": {
      "base": 15,
      "per_level_above_first": 2
    },
    "max_cost": {
      "base": 65,
      "per_level_above_first": 2
    },
    "anvil_cost": 4,
    "slots": [
      "mainhand"
    ],
    "effects": {
      "minecraft:block_experience": [
        {
          "effect": {
            "type": "minecraft:add",
            "value": {
              "type": "minecraft:linear",
              "base": 5,
              "per_level_above_first": 5
            }
          }
        }
      ]
    }
  }
  