{
  "description": {
    "translate": "Slash"
  },
  "supported_items": "#minecraft:enchantable/sharp_weapon",
  "weight": 1,
  "max_level": 1,
  "min_cost": {
    "base": 9999,
    "per_level_above_first": 9999
  },
  "max_cost": {
    "base": 9999,
    "per_level_above_first": 9999
  },
  "anvil_cost": 9999,
  "slots": [
    "mainhand"
  ],
  "effects": {
    "minecraft:attributes": [
      {
        "id": "ic.katana",
        "attribute": "minecraft:generic.attack_damage",
        "amount": 7,
        "operation": "add_value"
      },
      {
        "id": "ic.katana",
        "attribute": "minecraft:generic.attack_speed",
        "amount": -2.2,
        "operation": "add_value"
      }
    ],
    "minecraft:post_attack": [
      {
        "enchanted": "attacker",
        "affected": "attacker",
        "effect": {
          "type": "minecraft:damage_item",
          "amount": 1
        },
        "requirements": {
          "condition": "minecraft:inverted",
          "term": {
            "condition": "minecraft:entity_properties",
            "entity": "this",
            "predicate": {
              "equipment": {
                "mainhand": {
                  "predicates": {
                    "minecraft:enchantments": [
                      {
                        "enchantments": "minecraft:unbreaking",
                        "levels": {
                          "min": 1
                        }
                      }
                    ]
                  }
                }
              }
            }
          }
        }
      },
      {
        "enchanted": "attacker",
        "affected": "attacker",
        "effect": {
          "type": "minecraft:damage_item",
          "amount": 1
        },
        "requirements": {
          "condition": "minecraft:all_of",
          "terms": [
            {
              "condition": "minecraft:random_chance",
              "chance": 0.75
            },
            {
              "condition": "minecraft:entity_properties",
              "entity": "attacker",
              "predicate": {
                "equipment": {
                  "mainhand": {
                    "predicates": {
                      "minecraft:enchantments": [
                        {
                          "enchantments": "minecraft:unbreaking",
                          "levels": 1
                        }
                      ]
                    }
                  }
                }
              }
            }
          ]
        }
      },
      {
        "enchanted": "attacker",
        "affected": "attacker",
        "effect": {
          "type": "minecraft:damage_item",
          "amount": 1
        },
        "requirements": {
          "condition": "minecraft:all_of",
          "terms": [
            {
              "condition": "minecraft:random_chance",
              "chance": 0.5
            },
            {
              "condition": "minecraft:entity_properties",
              "entity": "attacker",
              "predicate": {
                "equipment": {
                  "mainhand": {
                    "predicates": {
                      "minecraft:enchantments": [
                        {
                          "enchantments": "minecraft:unbreaking",
                          "levels": 2
                        }
                      ]
                    }
                  }
                }
              }
            }
          ]
        }
      },
      {
        "enchanted": "attacker",
        "affected": "attacker",
        "effect": {
          "type": "minecraft:damage_item",
          "amount": 1
        },
        "requirements": {
          "condition": "minecraft:all_of",
          "terms": [
            {
              "condition": "minecraft:random_chance",
              "chance": 0.25
            },
            {
              "condition": "minecraft:entity_properties",
              "entity": "attacker",
              "predicate": {
                "equipment": {
                  "mainhand": {
                    "predicates": {
                      "minecraft:enchantments": [
                        {
                          "enchantments": "minecraft:unbreaking",
                          "levels": 3
                        }
                      ]
                    }
                  }
                }
              }
            }
          ]
        }
      },
      {
        "enchanted": "attacker",
        "affected": "attacker",
        "effect": {
          "type": "minecraft:damage_item",
          "amount": 1
        },
        "requirements": {
          "condition": "minecraft:all_of",
          "terms": [
            {
              "condition": "minecraft:random_chance",
              "chance": 0.1
            },
            {
              "condition": "minecraft:entity_properties",
              "entity": "attacker",
              "predicate": {
                "equipment": {
                  "mainhand": {
                    "predicates": {
                      "minecraft:enchantments": [
                        {
                          "enchantments": "minecraft:unbreaking",
                          "levels": {
                            "min": 4
                          }
                        }
                      ]
                    }
                  }
                }
              }
            }
          ]
        }
      }
    ],
    "minecraft:damage": [
      {
        "effect": {
          "type": "minecraft:add",
          "value": 7
        },
        "requirements": {
          "condition": "minecraft:entity_properties",
          "entity": "attacker",
          "predicate": {
            "movement": {
              "horizontal_speed": {
                "min": 6,
                "max": 7
              }
            }
          }
        }
      },
      {
        "effect": {
          "type": "minecraft:add",
          "value": 9
        },
        "requirements": {
          "condition": "minecraft:entity_properties",
          "entity": "attacker",
          "predicate": {
            "movement": {
              "horizontal_speed": {
                "min": 7.0001,
                "max": 8
              }
            }
          }
        }
      },
      {
        "effect": {
          "type": "minecraft:add",
          "value": 11
        },
        "requirements": {
          "condition": "minecraft:entity_properties",
          "entity": "attacker",
          "predicate": {
            "movement": {
              "horizontal_speed": {
                "min": 8.0001,
                "max": 9
              }
            }
          }
        }
      },
      {
        "effect": {
          "type": "minecraft:add",
          "value": 15
        },
        "requirements": {
          "condition": "minecraft:entity_properties",
          "entity": "attacker",
          "predicate": {
            "movement": {
              "horizontal_speed": {
                "min": 9.0001,
                "max": 10
              }
            }
          }
        }
      },
      {
        "effect": {
          "type": "minecraft:add",
          "value": 25
        },
        "requirements": {
          "condition": "minecraft:entity_properties",
          "entity": "attacker",
          "predicate": {
            "movement": {
              "horizontal_speed": {
                "min": 10.0001
              }
            }
          }
        }
      }
    ]
  }
}
