{
    "type": "minecraft:crafting_shaped",
    "pattern": [
        " E ",
        "ERE",
        " E "
    ],
    "key": {
        "E": {
            "item": "minecraft:ender_chest"
        },
        "R": {
            "item": "minecraft:recovery_compass"
        }
    },
    "result": {
		"id": "minecraft:warped_fungus_on_a_stick",
		"count": 1,
		"components": {
		  "minecraft:hide_additional_tooltip": {},
		  "minecraft:custom_model_data": 6,
		  "minecraft:custom_data": "{TotemOfPreservation:1b}",
		  "minecraft:item_name": "{\"text\":\"Totem of Preservation\",\"color\":\"#46B6FB\",\"bold\":true}",
          "minecraft:lore": [
                "{\"text\":\"• Right-click to cease\",\"color\":\"white\",\"italic\":false}",
                "{\"text\":\"  losing items on death!\",\"color\":\"white\",\"italic\":false}"
            ]
		}
    }
}