{
    "type": "minecraft:crafting_shaped",
    "pattern": [
        " E ",
        "ERE",
        " E "
    ],
    "key": {
        "E": {
            "item": "minecraft:golden_apple"
        },
        "R": {
            "item": "minecraft:nether_star"
        }
    },
    "result": {
		"id": "minecraft:warped_fungus_on_a_stick",
		"count": 1,
		"components": {
		  "minecraft:hide_additional_tooltip": {},
		  "minecraft:custom_model_data": 7,
		  "minecraft:custom_data": "{TotemOfNutrition:1b}",
		  "minecraft:item_name": "{\"text\":\"Totem of Nutrition\",\"color\":\"gold\",\"bold\":true}",
          "minecraft:lore": [
                "{\"text\":\"• Right-click to gain\",\"color\":\"white\",\"italic\":false}",
                "{\"text\":\"  infinite saturation!\",\"color\":\"white\",\"italic\":false}"
            ]
		}
    }
}