{
  "type": "minecraft:add",
  "argument1": {
    "type": "minecraft:min",
    "argument1": {
      "type": "minecraft:cache_2d",
      "argument": {
        "type": "minecraft:clamp",
        "input": {
          "type": "minecraft:max",
          "argument1": {
            "type": "minecraft:add",
            "argument1": {
              "type": "minecraft:weird_scaled_sampler",
              "input": {
                "type": "minecraft:noise",
                "noise": "minecraft:spaghetti_2d_modulator",
                "xz_scale": 0.25,
                "y_scale": 0.15
              },
              "noise": "infinity_cave:infinity_cave",
              "rarity_value_mapper": "type_2"
            },
            "argument2": {
              "type": "minecraft:mul",
              "argument1": 0.123,
              "argument2": {
                "type": "minecraft:cache_once",
                "argument": {
                  "type": "minecraft:add",
                  "argument1": -0.86,
                  "argument2": {
                    "type": "minecraft:mul",
                    "argument1": -0.25,
                    "argument2": {
                      "type": "minecraft:noise",
                      "noise": "minecraft:spaghetti_2d_thickness",
                      "xz_scale": 1.2,
                      "y_scale": 1.5
                    }
                  }
                }
              }
            }
          },
          "argument2": {
            "type": "minecraft:cube",
            "argument": {
              "type": "minecraft:add",
              "argument1": {
                "type": "minecraft:abs",
                "argument": {
                  "type": "minecraft:add",
                  "argument1": {
                    "type": "minecraft:add",
                    "argument1": 0,
                    "argument2": {
                      "type": "minecraft:mul",
                      "argument1": 10,
                      "argument2": {
                        "type": "minecraft:noise",
                        "noise": "minecraft:spaghetti_2d_elevation",
                        "xz_scale": 0.8,
                        "y_scale": 0.4
                      }
                    }
                  },
                  "argument2": {
                    "type": "minecraft:y_clamped_gradient",
                    "from_y": -128,
                    "to_y": -56,
                    "from_value": 10,
                    "to_value": -10
                  }
                }
              },
              "argument2": {
                "type": "minecraft:cache_once",
                "argument": {
                  "type": "minecraft:add",
                  "argument1": -0.86,
                  "argument2": {
                    "type": "minecraft:mul",
                    "argument1": -0.25,
                    "argument2": {
                      "type": "minecraft:noise",
                      "noise": "minecraft:spaghetti_2d_thickness",
                      "xz_scale": 1.2,
                      "y_scale": 1.5
                    }
                  }
                }
              }
            }
          }
        },
        "max": 2.0,
        "min": -2.0
      }
    },
    "argument2": {
      "type": "minecraft:cache_all_in_cell",
      "argument": "infinity_cave:noise_cave"
    }
  },
  "argument2": -0.05
}
