{
  "type": "minecraft:add",
  "argument1": {
    "type": "minecraft:cache_once",
    "argument": {
      "type": "minecraft:add",
      "argument1": {
        "type": "minecraft:y_clamped_gradient",
        "from_y": 50,
        "to_y": -70,
        "from_value": 1.5,
        "to_value": 0.1
      },
      "argument2": {
        "type": "minecraft:add",
        "argument1": {
          "type": "minecraft:noise",
          "noise": "minecraft:noodle_thickness",
          "xz_scale": 1,
          "y_scale": 7.5
        },
        "argument2": {
          "type": "minecraft:mul",
          "argument1": {
            "type": "minecraft:weird_scaled_sampler",
            "rarity_value_mapper": "type_1",
            "noise": "minecraft:patch",
            "input": {
              "type": "minecraft:interpolated",
              "argument": 1
            }
          },
          "argument2": {
            "type": "minecraft:cube",
            "argument": 0.5
          }
        }
      }
    }
  },
  "argument2": 0.3
}
