{
  "feature": {
    "type": "minecraft:netherrack_replace_blobs",
    "config": {
      "state": {
        "Name": "minecraft:dripstone_block"
      },
      "target": {
        "Name": "minecraft:deepslate",
        "Properties": {
          "axis": "y"
        }
      },
      "radius": {
        "type": "minecraft:uniform",
          "min_inclusive": 1,
          "max_inclusive": 8
      }
    }
  },
  "placement": [
    {
      "type": "minecraft:count",
      "count": {
        "type": "minecraft:weighted_list",
        "distribution": [
          {
            "weight": 1,
            "data": 100
          }
        ]
      }
    },
    {
      "type": "minecraft:in_square"
    },
    {
      "type": "minecraft:height_range",
      "height": {
        "type": "minecraft:uniform",
        "min_inclusive": {
          "above_bottom": -128
        },
        "max_inclusive": {
          "absolute": -55
        }
      }
    },
    {
      "type": "minecraft:biome"
    }
  ]
}
