{
  "type": "minecraft:canyon",
  "config": {
    "probability": 0.05,
    "y": {
      "type": "minecraft:uniform",
      "min_inclusive": {
        "absolute": 15
      },
      "max_inclusive": {
        "absolute": 78
      }
    },
    "yScale": 4,
    "lava_level": {
      "above_bottom": 8
    },
    "replaceable": "#minecraft:overworld_carver_replaceables",
    "debug_settings": {
      "air_state": {
        "Name": "minecraft:air"
      },
      "water_state": {
        "Name": "minecraft:water",
        "Properties": {
          "level": "12"
        }
      },
      "lava_state": {
        "Name": "minecraft:lava"
      },
      "barrier_state": {
        "Name": "minecraft:glass"
      }
    },
    "vertical_rotation": {
      "type": "minecraft:uniform",
        "min_inclusive": -0.125,
        "max_exclusive": 0.125
    },
    "shape": {
      "distance_factor": {
        "type": "minecraft:uniform",
          "min_inclusive": 0.6,
          "max_exclusive": 1.5
      },
      "thickness": {
        "type": "minecraft:trapezoid",
          "min": 0,
          "max": 7,
          "plateau": 3
      },
      "width_smoothness": 3,
      "horizontal_radius_factor": {
        "type": "minecraft:trapezoid",
          "min": 0,
          "max": 5,
          "plateau": 1
      },
      "vertical_radius_default_factor": 1.2,
      "vertical_radius_center_factor": 0.4
    }
  }
}
