{
  "description": {
    "text": "Mob Power"
  },
  "supported_items": "#minecraft:acacia_logs",
  "weight": 1,
  "max_level": 5,
  "min_cost": {
    "base": 9999,
    "per_level_above_first": 0
  },
  "max_cost": {
    "base": 9999,
    "per_level_above_first": 0
  },
  "anvil_cost": 9999,
  "slots": [
    "armor"
  ],
  "effects": {
    "minecraft:tick": [
      {
        "effect": {
          "type": "minecraft:run_function",
          "function": "infinity_cave:ai/wind_charge/throw"
        },
        "requirements": [
          {
            "condition": "minecraft:random_chance",
            "chance": {
              "type": "minecraft:enchantment_level",
              "amount": {
                "type": "minecraft:linear",
                "base": 0.075,
                "per_level_above_first": 0.05
              }
            }
          },
          {
            "condition": "minecraft:entity_properties",
            "entity": "this",
            "predicate": {
              "type": "#infinity_cave:aggro",
              "slots": {
                "weapon.offhand": {
                  "items": "minecraft:wind_charge"
                }
              },
              "periodic_tick": 25,
              "targeted_entity": {
                "type": "minecraft:player"
              }
            }
          }
        ]
      },
      {
        "effect": {
          "type": "minecraft:all_of",
          "effects": [
            {
              "type": "minecraft:run_function",
              "function": "infinity_cave:ai/cobweb/delete"
            },
            {
              "type": "minecraft:apply_mob_effect",
              "to_apply": "minecraft:slowness",
              "min_duration": 1.5,
              "max_duration": 1.5,
              "min_amplifier": 4,
              "max_amplifier": 4
            },
            {
              "type": "minecraft:play_sound",
              "sound": "block.cobweb.break",
              "volume": 1,
              "pitch": 0.0001
            }
          ]
        },
        "requirements": [
          {
            "condition": "minecraft:entity_properties",
            "entity": "this",
            "predicate": {
              "location": {
                "block": {
                  "blocks": "minecraft:cobweb"
                }
              },
              "periodic_tick": 20
            }
          },
          {
            "condition": "minecraft:random_chance",
            "chance": {
              "type": "minecraft:enchantment_level",
              "amount": {
                "type": "minecraft:linear",
                "base": 0.02,
                "per_level_above_first": 0.01
              }
            }
          }
        ]
      },
      {
        "effect": {
          "type": "minecraft:all_of",
          "effects": [
            {
              "type": "minecraft:play_sound",
              "sound": {
                "sound_id": "minecraft:entity.zombie_villager.converted",
                "range": 10
              },
              "volume": 0.5,
              "pitch": 2
            },
            {
              "type": "minecraft:spawn_particles",
              "particle": {
                "type": "minecraft:angry_villager"
              },
              "horizontal_position": {
                "type": "entity_position",
                "offset": 0
              },
              "vertical_position": {
                "type": "entity_position",
                "offset": 2
              },
              "horizontal_velocity": {
                "base": 0,
                "movement_scale": 0
              },
              "vertical_velocity": {
                "base": 0,
                "movement_scale": 0
              },
              "speed": 0.1
            },
            {
              "type": "minecraft:summon_entity",
              "entity": "minecraft:skeleton",
              "join_team": true
            }
          ]
        },
        "requirements": [
          {
            "condition": "minecraft:random_chance",
            "chance": {
              "type": "minecraft:enchantment_level",
              "amount": {
                "type": "minecraft:linear",
                "base": 0.005,
                "per_level_above_first": 0.005
              }
            }
          },
          {
            "condition": "minecraft:entity_properties",
            "entity": "this",
            "predicate": {
              "type": "#minecraft:skeletons",
              "periodic_tick": 20,
              "targeted_entity": {
                "type": "minecraft:player"
              }
            }
          }
        ]
      },
      {
        "effect": {
          "type": "minecraft:all_of",
          "effects": [
            {
              "type": "minecraft:play_sound",
              "sound": {
                "sound_id": "minecraft:entity.zombie_villager.converted",
                "range": 10
              },
              "volume": 0.5,
              "pitch": 2
            },
            {
              "type": "minecraft:spawn_particles",
              "particle": {
                "type": "minecraft:angry_villager"
              },
              "horizontal_position": {
                "type": "entity_position",
                "offset": 0
              },
              "vertical_position": {
                "type": "entity_position",
                "offset": 2
              },
              "horizontal_velocity": {
                "base": 0,
                "movement_scale": 0
              },
              "vertical_velocity": {
                "base": 0,
                "movement_scale": 0
              },
              "speed": 0.1
            },
            {
              "type": "minecraft:summon_entity",
              "entity": "minecraft:zombie",
              "join_team": true
            }
          ]
        },
        "requirements": [
          {
            "condition": "minecraft:random_chance",
            "chance": {
              "type": "minecraft:enchantment_level",
              "amount": {
                "type": "minecraft:linear",
                "base": 0.005,
                "per_level_above_first": 0.005
              }
            }
          },
          {
            "condition": "minecraft:entity_properties",
            "entity": "this",
            "predicate": {
              "type": "#minecraft:zombies",
              "periodic_tick": 20,
              "targeted_entity": {
                "type": "minecraft:player"
              }
            }
          }
        ]
      }
    ],
    "minecraft:damage_protection": [
      {
        "effect": {
          "type": "minecraft:add",
          "value": {
            "type": "minecraft:linear",
            "base": 1,
            "per_level_above_first": 0.5
          }
        },
        "requirements": {
          "condition": "minecraft:damage_source_properties",
          "predicate": {
            "source_entity": {
              "slots": {
                "weapon.mainhand": {
                  "items": "minecraft:mace"
                }
              }
            }
          }
        }
      }
    ],
    "minecraft:damage_immunity": [
      {
        "effect": {},
        "requirements": [
          {
            "condition": "minecraft:damage_source_properties",
            "predicate": {
              "tags": [
                {
                  "id": "minecraft:is_projectile",
                  "expected": true
                }
              ]
            }
          },
          {
            "condition": "minecraft:any_of",
            "terms": [
              {
                "condition": "minecraft:entity_properties",
                "entity": "this",
                "predicate": {
                  "slots": {
                    "weapon.offhand": {
                      "items": "minecraft:ender_eye"
                    }
                  }
                }
              },
              {
                "condition": "minecraft:inverted",
                "term": {
                  "condition": "minecraft:entity_properties",
                  "entity": "this",
                  "predicate": {
                    "targeted_entity": {
                      "type": "minecraft:player"
                    }
                  }
                }
              }
            ]
          }
        ]
      }
    ]
  }
}
