{
  "description": " ",
  "supported_items": "#minecraft:enchantable/foot_armor",
  "weight": 1,
  "max_level": 1,
  "min_cost": {
    "base": 99999,
    "per_level_above_first": 99999
  },
  "max_cost": {
    "base": 99999,
    "per_level_above_first": 99999
  },
  "anvil_cost": 99999,
  "slots": [
    "any"
  ],
  "effects": {
    "minecraft:tick": [
      {
        "effect": {
          "type": "minecraft:run_function",
          "function": "infinity_cave:ai/rocklops/hurt_over"
        },
        "requirements": {
          "condition": "minecraft:entity_properties",
          "entity": "this",
          "predicate": {
            "effects": {
              "minecraft:unluck": {
                "duration": 1
              }
            }
          }
        }
      },
      {
        "effect": {
          "type": "minecraft:run_function",
          "function": "infinity_cave:ai/rocklops/stop"
        },
        "requirements": {
          "condition": "minecraft:entity_properties",
          "entity": "this",
          "predicate": {
            "movement": {
              "speed": {
                "min": 1.53,
                "max": 1.569999999999
              }
            }
          }
        }
      },
      {
        "effect": {
          "type": "minecraft:run_function",
          "function": "infinity_cave:ai/rocklops/move"
        },
        "requirements": {
          "condition": "minecraft:entity_properties",
          "entity": "this",
          "predicate": {
            "movement": {
              "speed": {
                "min": 1.57
              }
            }
          }
        }
      },
      {
        "effect": {
          "type": "minecraft:run_function",
          "function": "infinity_cave:ai/rocklops/attack"
        },
        "requirements": {
          "condition": "minecraft:entity_properties",
          "entity": "this",
          "predicate": {
            "periodic_tick": 50,
            "targeted_entity": {
              "distance": {
                "absolute": {
                  "max": 8
                }
              }
            }
          }
        }
      }
    ],
    "minecraft:post_attack": [
      {
        "enchanted": "victim",
        "affected": "victim",
        "effect": {
          "type": "minecraft:apply_mob_effect",
          "to_apply": "minecraft:unluck",
          "min_duration": 0.5,
          "max_duration": 0.5,
          "min_amplifier": 10,
          "max_amplifier": 10
        }
      },
      {
        "enchanted": "victim",
        "affected": "victim",
        "effect": {
          "type": "minecraft:run_function",
          "function": "infinity_cave:ai/rocklops/hurt"
        }
      },
      {
        "enchanted": "victim",
        "affected": "attacker",
        "effect": {
          "type": "minecraft:play_sound",
          "sound": {
            "sound_id": "minecraft:item.wolf_armor.crack",
            "range": 15
          },
          "volume": 0.05,
          "pitch": 0.5
        }
      }
    ]
  }
}
