[
  {
    "function": "minecraft:enchant_with_levels",
    "options": "#infinity_cave:valid",
    "levels": 30,
    "conditions": [
      {
        "condition": "minecraft:entity_properties",
        "entity": "this",
        "predicate": {
          "equipment": {
            "offhand": {
              "items": [
                "minecraft:mace"
              ]
            }
          }
        }
      }
    ]
  },
  {
    "function": "minecraft:enchant_with_levels",
    "options": "#infinity_cave:valid",
    "levels": 40,
    "conditions": [
      {
        "condition": "minecraft:entity_properties",
        "entity": "this",
        "predicate": {
          "equipment": {
            "offhand": {
              "items": [
                "minecraft:book"
              ],
              "count": 1
            }
          }
        }
      }
    ]
  },
  {
    "function": "minecraft:enchant_with_levels",
    "options": "#infinity_cave:valid",
    "levels": 30,
    "conditions": [
      {
        "condition": "minecraft:entity_properties",
        "entity": "this",
        "predicate": {
          "equipment": {
            "offhand": {
              "items": "minecraft:bow"
            }
          }
        }
      }
    ]
  },
  {
    "function": "minecraft:set_enchantments",
    "enchantments": {
      "minecraft:power": {
        "min": 4,
        "max": 6
      },
      "minecraft:infinity": {
        "min": 0,
        "max": 1
      },
      "minecraft:unbreaking": {
        "min": 3,
        "max": 5
      }
    },
    "conditions": [
      {
        "condition": "minecraft:entity_properties",
        "entity": "this",
        "predicate": {
          "equipment": {
            "offhand": {
              "items": [
                "minecraft:bow"
              ]
            }
          }
        }
      }
    ]
  },
  {
    "function": "minecraft:enchant_with_levels",
    "options": "#infinity_cave:valid",
    "levels": 30,
    "conditions": [
      {
        "condition": "minecraft:entity_properties",
        "entity": "this",
        "predicate": {
          "equipment": {
            "offhand": {
              "items": "minecraft:crossbow"
            }
          }
        }
      }
    ]
  },
  {
    "function": "minecraft:set_enchantments",
    "enchantments": {
      "minecraft:quick_charge": {
        "min": 2,
        "max": 4
      },
      "minecraft:unbreaking": {
        "min": 3,
        "max": 5
      }
    },
    "conditions": [
      {
        "condition": "minecraft:entity_properties",
        "entity": "this",
        "predicate": {
          "equipment": {
            "offhand": {
              "items": [
                "minecraft:crossbow"
              ]
            }
          }
        }
      }
    ]
  },
  {
    "function": "minecraft:enchant_with_levels",
    "options": "#infinity_cave:valid",
    "levels": 30,
    "conditions": [
      {
        "condition": "minecraft:entity_properties",
        "entity": "this",
        "predicate": {
          "equipment": {
            "offhand": {
              "items": "#minecraft:trimmable_armor"
            }
          }
        }
      }
    ]
  },
  {
    "function": "minecraft:set_enchantments",
    "enchantments": {
      "minecraft:protection": {
        "min": 3,
        "max": 4
      },
      "minecraft:projectile_protection": {
        "min": 0,
        "max": {
          "min": 0,
          "max": {
            "min": 1,
            "max": 4
          }
        }
      },
      "minecraft:unbreaking": {
        "min": 3,
        "max": 5
      }
    },
    "conditions": [
      {
        "condition": "minecraft:entity_properties",
        "entity": "this",
        "predicate": {
          "equipment": {
            "offhand": {
              "items": "#minecraft:trimmable_armor"
            }
          }
        }
      }
    ]
  },
  {
    "function": "minecraft:enchant_with_levels",
    "options": "#infinity_cave:valid",
    "levels": 30,
    "conditions": [
      {
        "condition": "minecraft:entity_properties",
        "entity": "this",
        "predicate": {
          "equipment": {
            "offhand": {
              "items": "#infinity_cave:sharpness"
            }
          }
        }
      }
    ]
  },
  {
    "function": "minecraft:set_enchantments",
    "enchantments": {
      "minecraft:sharpness": {
        "min": 4,
        "max": 7
      },
      "minecraft:smite": {
        "min": 0,
        "max": {
          "min": 1,
          "max": {
            "min": 3,
            "max": 5
          }
        }
      },
      "minecraft:looting": {
        "min": 2,
        "max": {
          "min": 3,
          "max": {
            "min": 3,
            "max": 4
          }
        }
      },
      "minecraft:unbreaking": {
        "min": 3,
        "max": 5
      }
    },
    "conditions": [
      {
        "condition": "minecraft:entity_properties",
        "entity": "this",
        "predicate": {
          "equipment": {
            "offhand": {
              "items": "#infinity_cave:sharpness"
            }
          }
        }
      }
    ]
  },
  {
    "function": "minecraft:enchant_with_levels",
    "options": "#infinity_cave:valid",
    "levels": 30,
    "conditions": [
      {
        "condition": "minecraft:entity_properties",
        "entity": "this",
        "predicate": {
          "equipment": {
            "offhand": {
              "items": "#infinity_cave:tools"
            }
          }
        }
      }
    ]
  },
  {
    "function": "minecraft:set_enchantments",
    "enchantments": {
      "minecraft:efficiency": {
        "min": 5,
        "max": 7
      },
      "minecraft:unbreaking": {
        "min": 3,
        "max": 5
      }
    },
    "conditions": [
      {
        "condition": "minecraft:entity_properties",
        "entity": "this",
        "predicate": {
          "equipment": {
            "offhand": {
              "items": "#infinity_cave:tools"
            }
          }
        }
      }
    ]
  }
]