{
    "display": {
      "icon": {
        "id": "minecraft:netherite_sword",
        "components": {
          "minecraft:custom_model_data": 1
        }
      },
      "title": "Chime Chime DIE DIE!",
      "description": [
        {
          "text": "Dropped from a Legendary Enderman\n\nObtain the Amethyst Blade"
        }
      ],
      "show_toast": true,
      "announce_to_chat": true,
      "hidden": false
    },
    "parent": "infinity_cave:display/kills/legendary",
    "criteria": {
      "requirement": {
        "trigger": "minecraft:inventory_changed",
        "conditions": {
          "items": [
            {
              "items": [
                "minecraft:netherite_sword"
              ],
              "components": {
                "minecraft:custom_data": {
                  "ic": "amethyst_blade"
                }
              }
            }
          ]
        }
      }
    }
  }
  