{
    "display": {
      "icon": {
        "id": "minecraft:goat_horn",
        "components": {
          "minecraft:custom_model_data": 1
        }
      },
      "title": "GO ZOOMIN'!",
      "description": [
        {
          "text": "Find a Katana"
        }
      ],
      "show_toast": true,
      "announce_to_chat": true,
      "hidden": false
    },
    "parent": "infinity_cave:display/kills/epic",
    "criteria": {
      "requirement": {
        "trigger": "minecraft:inventory_changed",
        "conditions": {
          "items": [
            {
              "items": [
                "minecraft:goat_horn"
              ],
              "components": {
                "minecraft:custom_data": {
                  "ic": "katana"
                }
              }
            }
          ]
        }
      }
    }
  }
  