{
  "pools": [
    {
      "rolls": 1,
      "entries": [
        {
          "type": "minecraft:loot_table",
          "value": "infinity_cave:return/curse_remover",
          "weight": 1,
          "functions": [
            {
              "function": "minecraft:set_count",
              "count": {
                "min": 1,
                "max": 1
              }
            }
          ],
          "conditions": [
            {
              "condition": "minecraft:random_chance",
              "chance": 0.01
            },
            {
              "condition": "minecraft:entity_properties",
              "entity": "this",
              "predicate": {
                "equipment": {
                  "offhand": {
                    "items": [
                      "minecraft:ender_eye"
                    ]
                  }
                }
              }
            }
          ]
        }
      ]
    },
    {
      "rolls": 1,
      "entries": [
        {
          "type": "minecraft:item",
          "name": "minecraft:wind_charge",
          "weight": 1,
          "functions": [
            {
              "function": "minecraft:set_count",
              "count": {
                "min": 1,
                "max": 2
              }
            }
          ],
          "conditions": [
            {
              "condition": "minecraft:random_chance",
              "chance": 0.175
            },
            {
              "condition": "minecraft:entity_properties",
              "entity": "this",
              "predicate": {
                "equipment": {
                  "offhand": {
                    "items": [
                      "minecraft:wind_charge"
                    ]
                  }
                }
              }
            }
          ]
        }
      ]
    },
    {
      "rolls": 1,
      "entries": [
        {
          "type": "minecraft:item",
          "name": "minecraft:shield",
          "weight": 1,
          "functions": [
            {
              "function": "minecraft:set_count",
              "count": {
                "min": 1,
                "max": 2
              }
            }
          ],
          "conditions": [
            {
              "condition": "minecraft:random_chance",
              "chance": 0.075
            },
            {
              "condition": "minecraft:entity_properties",
              "entity": "this",
              "predicate": {
                "equipment": {
                  "offhand": {
                    "items": [
                      "minecraft:shield"
                    ]
                  }
                }
              }
            }
          ]
        }
      ]
    },
    {
      "rolls": 1,
      "entries": [
        
        {
          "type": "minecraft:item",
          "name": "minecraft:splash_potion",
          "weight": 1,
          "functions": [
            {
              "function": "minecraft:set_components",
              "components": {
                "minecraft:potion_contents": {
                  "custom_color": 10076657,
                  "custom_effects": [
                    {
                      "id": "minecraft:speed",
                      "amplifier": 0,
                      "duration": 2400,
                      "ambient": true,
                      "show_particles": true,
                      "show_icon": true
                    }
                  ]
                },
                "minecraft:max_stack_size": 5
              }
            }
          ],
          "conditions": [
            {
              "condition": "minecraft:random_chance",
              "chance": 0.1
            },
            {
              "condition": "minecraft:entity_properties",
              "entity": "this",
              "predicate": {
                "equipment": {
                  "offhand": {
                    "items": [
                      "minecraft:leather_boots"
                    ]
                  }
                }
              }
            }
          ]
        }
      ]
    },
    {
      "rolls": 1,
      "entries": [
        {
          "type": "minecraft:item",
          "name": "minecraft:ender_pearl",
          "weight": 1,
          "functions": [
            {
              "function": "minecraft:set_count",
              "count": {
                "min": 1,
                "max": 2
              }
            }
          ],
          "conditions": [
            {
              "condition": "minecraft:random_chance",
              "chance": 0.1
            },
            {
              "condition": "minecraft:entity_properties",
              "entity": "this",
              "predicate": {
                "equipment": {
                  "offhand": {
                    "items": [
                      "minecraft:chorus_fruit"
                    ]
                  }
                }
              }
            }
          ]
        }
      ]
    },
    {
      "rolls": 2,
      "entries": [
        {
          "type": "minecraft:loot_table",
          "value": "infinity_cave:refs/weapons/pool",
          "weight": 1,
          "conditions": [
            {
              "condition": "minecraft:random_chance",
              "chance": 0.05
            }
          ]
        },
        {
          "type": "minecraft:loot_table",
          "value": "infinity_cave:refs/uncommon_gear",
          "weight": 2,
          "conditions": [
            {
              "condition": "minecraft:random_chance",
              "chance": 0.05
            }
          ]
        },
        {
          "type": "minecraft:loot_table",
          "value": "infinity_cave:return/enchantlet_1",
          "weight": 1
        },
        {
          "type": "minecraft:item",
          "name": "minecraft:leather_helmet",
          "functions": [
            {
              "function": "minecraft:set_components",
              "components": {
                "minecraft:attribute_modifiers": {
                  "modifiers": [
                    {
                      "type": "generic.armor",
                      "slot": "head",
                      "id": "generic_helmet",
                      "amount": 2,
                      "operation": "add_value"
                    },
                    {
                      "type": "generic.armor_toughness",
                      "slot": "head",
                      "id": "generic_helmet",
                      "amount": 1,
                      "operation": "add_value"
                    }
                  ]
                },
                "max_damage": 110
              }
            },
            {
              "function": "set_name",
              "name": [
                {
                  "text": "Refined Leather Helmet"
                }
              ],
              "target": "item_name"
            },
            {
              "function": "minecraft:enchant_with_levels",
    "options": "#infinity_cave:valid",
              "levels": 6
            },
            {
              "function": "minecraft:set_damage",
              "damage": {
                "min": 0,
                "max": 0.9
              }
            }
          ]
        },
        {
          "type": "minecraft:item",
          "name": "minecraft:leather_chestplate",
          "functions": [
            {
              "function": "minecraft:set_components",
              "components": {
                "minecraft:attribute_modifiers": {
                  "modifiers": [
                    {
                      "type": "generic.armor",
                      "slot": "chest",
                      "id": "generic_chest",
                      "amount": 6,
                      "operation": "add_value"
                    },
                    {
                      "type": "generic.armor_toughness",
                      "slot": "chest",
                      "id": "generic_chest",
                      "amount": 1,
                      "operation": "add_value"
                    }
                  ]
                },
                "max_damage": 160
              }
            },
            {
              "function": "set_name",
              "name": [
                {
                  "text": "Refined Leather Chestplate"
                }
              ],
              "target": "item_name"
            },
            {
              "function": "minecraft:enchant_with_levels",
    "options": "#infinity_cave:valid",
              "levels": 6
            },
            {
              "function": "minecraft:set_damage",
              "damage": {
                "min": 0,
                "max": 0.9
              }
            }
          ]
        },
        {
          "type": "minecraft:item",
          "name": "minecraft:leather_leggings",
          "functions": [
            {
              "function": "minecraft:set_components",
              "components": {
                "minecraft:attribute_modifiers": {
                  "modifiers": [
                    {
                      "type": "generic.armor",
                      "slot": "legs",
                      "id": "generic_legs",
                      "amount": 4,
                      "operation": "add_value"
                    },
                    {
                      "type": "generic.armor_toughness",
                      "slot": "legs",
                      "id": "generic_legs",
                      "amount": 1,
                      "operation": "add_value"
                    }
                  ]
                },
                "max_damage": 150
              }
            },
            {
              "function": "set_name",
              "name": [
                {
                  "text": "Refined Leather Leggings"
                }
              ],
              "target": "item_name"
            },
            {
              "function": "minecraft:enchant_with_levels",
    "options": "#infinity_cave:valid",
              "levels": 6
            },
            {
              "function": "minecraft:set_damage",
              "damage": {
                "min": 0,
                "max": 0.9
              }
            }
          ]
        },
        {
          "type": "minecraft:item",
          "name": "minecraft:leather_boots",
          "functions": [
            {
              "function": "minecraft:set_components",
              "components": {
                "minecraft:attribute_modifiers": {
                  "modifiers": [
                    {
                      "type": "generic.armor",
                      "slot": "feet",
                      "id": "generic_boots",
                      "amount": 2,
                      "operation": "add_value"
                    },
                    {
                      "type": "generic.armor_toughness",
                      "slot": "feet",
                      "id": "generic_boots",
                      "amount": 1,
                      "operation": "add_value"
                    }
                  ]
                },
                "max_damage": 130
              }
            },
            {
              "function": "set_name",
              "name": [
                {
                  "text": "Refined Leather Boots"
                }
              ],
              "target": "item_name"
            },
            {
              "function": "minecraft:enchant_with_levels",
    "options": "#infinity_cave:valid",
              "levels": 6
            }
          ]
        },
        {
          "type": "minecraft:item",
          "name": "minecraft:wooden_sword",
          "functions": [
            {
              "function": "minecraft:set_components",
              "components": {
                "minecraft:attribute_modifiers": {
                  "modifiers": [
                    {
                      "type": "generic.attack_damage",
                      "slot": "mainhand",
                      "id": "generic_attack_damage",
                      "amount": 5,
                      "operation": "add_value"
                    },
                    {
                      "type": "generic.attack_speed",
                      "slot": "mainhand",
                      "id": "generic_attack_speed",
                      "amount": -2.4,
                      "operation": "add_value"
                    }
                  ],
                  "show_in_tooltip": false
                },
                "max_damage": 120
              }
            },
            {
              "function": "set_name",
              "name": [
                {
                  "text": "Refined Wooden Sword"
                }
              ],
              "target": "item_name"
            },
            {
              "function": "minecraft:set_lore",
              "lore": [
                {
                  "text": " "
                },
                {
                  "text": "When in Main Hand:",
                  "color": "gray",
                  "italic": false
                },
                {
                  "text": " 6 Attack Damage ",
                  "color": "dark_green",
                  "italic": false
                },
                {
                  "text": " 1.6 Attack Speed",
                  "color": "dark_green",
                  "italic": false
                }
              ],
              "mode": "append"
            },
            {
              "function": "minecraft:enchant_with_levels",
    "options": "#infinity_cave:valid",
              "levels": 6
            },
            {
              "function": "minecraft:set_damage",
              "damage": {
                "min": 0,
                "max": 0.9
              }
            }
          ]
        },
        {
          "type": "minecraft:item",
          "name": "minecraft:wooden_axe",
          "functions": [
            {
              "function": "minecraft:set_components",
              "components": {
                "minecraft:attribute_modifiers": {
                  "modifiers": [
                    {
                      "type": "generic.attack_damage",
                      "slot": "mainhand",
                      "id": "generic_attack_damage",
                      "amount": 7,
                      "operation": "add_value"
                    },
                    {
                      "type": "generic.attack_speed",
                      "slot": "mainhand",
                      "id": "generic_attack_speed",
                      "amount": -2.9,
                      "operation": "add_value"
                    }
                  ],
                  "show_in_tooltip": false
                },
                "max_damage": 120
              }
            },
            {
              "function": "set_name",
              "name": [
                {
                  "text": "Refined Wooden Axe"
                }
              ],
              "target": "item_name"
            },
            {
              "function": "minecraft:set_lore",
              "lore": [
                {
                  "text": " "
                },
                {
                  "text": "When in Main Hand:",
                  "color": "gray",
                  "italic": false
                },
                {
                  "text": " 8 Attack Damage ",
                  "color": "dark_green",
                  "italic": false
                },
                {
                  "text": " 1.1 Attack Speed",
                  "color": "dark_green",
                  "italic": false
                }
              ],
              "mode": "append"
            },
            {
              "function": "minecraft:enchant_with_levels",
    "options": "#infinity_cave:valid",
              "levels": 6
            },
            {
              "function": "minecraft:set_damage",
              "damage": {
                "min": 0,
                "max": 0.9
              }
            }
          ]
        },
        {
          "type": "minecraft:item",
          "name": "minecraft:golden_apple",
          "conditions": [
            {
              "condition": "minecraft:random_chance",
              "chance": 0.1
            }
          ]
        },
        {
          "type": "minecraft:item",
          "name": "minecraft:totem_of_undying",
          "conditions": [
            {
              "condition": "minecraft:random_chance",
              "chance": 0.0125
            }
          ]
        }
      ]
    }
  ]
}
