{
  "pools": [
    {
      "rolls": 1,
      "entries": [
        {
          "type": "minecraft:loot_table",
          "value": "infinity_cave:return/curse_remover",
          "weight": 1,
          "functions": [
            {
              "function": "minecraft:set_count",
              "count": {
                "min": 2,
                "max": 4
              }
            }
          ],
          "conditions": [
            {
              "condition": "minecraft:random_chance",
              "chance": 0.25
            },
            {
              "condition": "minecraft:entity_properties",
              "entity": "this",
              "predicate": {
                "equipment": {
                  "offhand": {
                    "items": [
                      "minecraft:ender_eye"
                    ]
                  }
                }
              }
            }
          ]
        }
      ]
    },
    {
      "rolls": 1,
      "entries": [
        {
          "type": "minecraft:item",
          "name": "minecraft:wind_charge",
          "weight": 1,
          "functions": [
            {
              "function": "minecraft:set_count",
              "count": {
                "min": 12,
                "max": 24
              }
            }
          ],
          "conditions": [
            {
              "condition": "minecraft:entity_properties",
              "entity": "this",
              "predicate": {
                "equipment": {
                  "offhand": {
                    "items": [
                      "minecraft:wind_charge"
                    ]
                  }
                }
              }
            }
          ]
        }
      ]
    },
    {
      "rolls": 1,
      "entries": [
        {
          "type": "minecraft:item",
          "name": "minecraft:splash_potion",
          "weight": 1,
          "functions": [
            {
              "function": "minecraft:set_components",
              "components": {
                "minecraft:potion_contents": {
                  "custom_color": 2076657,
                  "custom_effects": [
                    {
                      "id": "minecraft:resistance",
                      "amplifier": 1,
                      "duration": 4800,
                      "ambient": true,
                      "show_particles": true,
                      "show_icon": true
                    }
                  ]
                },
                "minecraft:max_stack_size": 5
              }
            }
          ],
          "conditions": [
            {
              "condition": "minecraft:random_chance",
              "chance": 0.25
            },
            {
              "condition": "minecraft:entity_properties",
              "entity": "this",
              "predicate": {
                "equipment": {
                  "offhand": {
                    "items": [
                      "minecraft:shield"
                    ]
                  }
                }
              }
            }
          ]
        }
      ]
    },
    {
      "rolls": 1,
      "entries": [
        {
          "type": "minecraft:loot_table",
          "value": "infinity_cave:return/curse_remover",
          "weight": 1,
          "conditions": [
            {
              "condition": "minecraft:value_check",
              "value": {
                "type": "minecraft:score",
                "target": {
                  "type": "minecraft:fixed",
                  "name": "#disable_offhand"
                },
                "score": "ic.int"
              },
              "range": 0
            },
            {
              "condition": "minecraft:random_chance",
              "chance": 0.2
            },
            {
              "condition": "minecraft:entity_properties",
              "entity": "this",
              "predicate": {
                "equipment": {
                  "offhand": {
                    "items": [
                      "minecraft:air"
                    ]
                  }
                }
              }
            }
          ]
        }
      ]
    },
    {
      "rolls": 1,
      "entries": [
        {
          "type": "minecraft:item",
          "name": "minecraft:splash_potion",
          "weight": 1,
          "functions": [
            {
              "function": "minecraft:set_components",
              "components": {
                "minecraft:potion_contents": {
                  "custom_color": 10076657,
                  "custom_effects": [
                    {
                      "id": "minecraft:speed",
                      "amplifier": 2,
                      "duration": 6000,
                      "ambient": true,
                      "show_particles": true,
                      "show_icon": true
                    }
                  ]
                },
                "minecraft:max_stack_size": 5
              }
            }
          ],
          "conditions": [
            {
              "condition": "minecraft:random_chance",
              "chance": 0.25
            },
            {
              "condition": "minecraft:entity_properties",
              "entity": "this",
              "predicate": {
                "equipment": {
                  "offhand": {
                    "items": [
                      "minecraft:leather_boots"
                    ]
                  }
                }
              }
            }
          ]
        }
      ]
    },
    {
      "rolls": 1,
      "entries": [
        {
          "type": "minecraft:item",
          "weight": 1,
          "name": "minecraft:chorus_fruit",
          "functions": [
            {
              "function": "minecraft:set_components",
              "components": {
                "minecraft:enchantment_glint_override": true,
                "minecraft:custom_data": {
                  "ic": "enchanted_chorus_fruit"
                }
              }
            },
            {
              "function": "minecraft:set_name",
              "entity": "this",
              "name": [
                {
                  "text": "Enchanted Chorus Fruit",
                  "color": "light_purple",
                  "italic": false
                }
              ]
            },
            {
              "function": "minecraft:set_count",
              "count": {
                "min": 1,
                "max": 1
              }
            }
          ],
          "conditions": [
            {
              "condition": "minecraft:entity_properties",
              "entity": "this",
              "predicate": {
                "equipment": {
                  "offhand": {
                    "items": [
                      "minecraft:chorus_fruit"
                    ]
                  }
                }
              }
            }
          ]
        }
      ]
    },
    {
      "rolls": 3,
      "entries": [
        {
          "type": "minecraft:item",
          "name": "minecraft:white_banner",
          "functions": [
            {
              "function": "minecraft:set_count",
              "count": 1
            },
            {
              "function": "minecraft:set_components",
              "components": {
                "minecraft:hide_additional_tooltip": {},
                "minecraft:banner_patterns": [
                  {
                    "pattern": "minecraft:stripe_center",
                    "color": "black"
                  },
                  {
                    "pattern": "minecraft:stripe_middle",
                    "color": "black"
                  }
                ],
                "minecraft:custom_data": {
                  "ic": "safety_banner"
                }
              }
            },
            {
              "function": "minecraft:set_name",
              "name": [
                {
                  "text": "Safety Banner",
                  "color": "light_purple",
                  "italic": false
                }
              ]
            },
            {
              "function": "minecraft:set_lore",
              "lore": [
                {
                  "text": "Place down to clear a ",
                  "color": "gray",
                  "italic": false
                },
                {
                  "text": "50x50 area from mob",
                  "color": "gray",
                  "italic": false
                },
                {
                  "text": "spawning.",
                  "color": "gray",
                  "italic": false
                }
              ],
              "mode": "append"
            }
          ],
          "conditions": [
            {
              "condition": "minecraft:random_chance",
              "chance": 0.5
            }
          ]
        }
      ]
    },
    {
      "rolls": 2,
      "entries": [
        {
          "type": "minecraft:loot_table",
          "value": "infinity_cave:refs/weapons/pool",
          "weight": 1,
          "conditions": [
            {
              "condition": "minecraft:random_chance",
              "chance": 0.5
            }
          ]
        },
        {
          "type": "minecraft:loot_table",
          "value": "infinity_cave:return/enchantlet_5",
          "weight": 1
        },
        {
          "type": "minecraft:item",
          "weight": 2,
          "name": "minecraft:netherite_upgrade_smithing_template",
          "conditions": [
            {
              "condition": "minecraft:random_chance",
              "chance": 0.25
            }
          ]
        },
        {
          "type": "minecraft:item",
          "name": "minecraft:netherite_helmet",
          "functions": [
            {
              "function": "minecraft:set_components",
              "components": {
                "minecraft:attribute_modifiers": {
                  "modifiers": [
                    {
                      "type": "generic.armor",
                      "slot": "head",
                      "id": "generic_helmet",
                      "amount": 3,
                      "operation": "add_value"
                    },
                    {
                      "type": "generic.armor_toughness",
                      "slot": "head",
                      "id": "generic_helmet",
                      "amount": 3,
                      "operation": "add_value"
                    }
                  ]
                },
                "max_damage": 623
              }
            },
            {
              "function": "set_name",
              "name": [
                {
                  "text": "Refined Netherite Helmet"
                }
              ],
              "target": "item_name"
            },
            {
              "function": "minecraft:enchant_with_levels",
    "options": "#infinity_cave:valid",
              "levels": 38
            },
            {
              "function": "minecraft:set_damage",
              "damage": {
                "min": 0,
                "max": 0.9
              }
            }
          ]
        },
        {
          "type": "minecraft:item",
          "name": "minecraft:netherite_chestplate",
          "functions": [
            {
              "function": "minecraft:set_components",
              "components": {
                "minecraft:attribute_modifiers": {
                  "modifiers": [
                    {
                      "type": "generic.armor",
                      "slot": "chest",
                      "id": "generic_chest",
                      "amount": 8,
                      "operation": "add_value"
                    },
                    {
                      "type": "generic.armor_toughness",
                      "slot": "chest",
                      "id": "generic_chest",
                      "amount": 3,
                      "operation": "add_value"
                    }
                  ]
                },
                "max_damage": 845
              }
            },
            {
              "function": "set_name",
              "name": [
                {
                  "text": "Refined Netherite Chestplate"
                }
              ],
              "target": "item_name"
            },
            {
              "function": "minecraft:enchant_with_levels",
    "options": "#infinity_cave:valid",
              "levels": 38
            },
            {
              "function": "minecraft:set_damage",
              "damage": {
                "min": 0,
                "max": 0.9
              }
            }
          ]
        },
        {
          "type": "minecraft:item",
          "name": "minecraft:netherite_leggings",
          "functions": [
            {
              "function": "minecraft:set_components",
              "components": {
                "minecraft:attribute_modifiers": {
                  "modifiers": [
                    {
                      "type": "generic.armor",
                      "slot": "legs",
                      "id": "generic_legs",
                      "amount": 6,
                      "operation": "add_value"
                    },
                    {
                      "type": "generic.armor_toughness",
                      "slot": "legs",
                      "id": "generic_legs",
                      "amount": 3,
                      "operation": "add_value"
                    }
                  ]
                },
                "max_damage": 805
              }
            },
            {
              "function": "set_name",
              "name": [
                {
                  "text": "Refined Netherite Leggings"
                }
              ],
              "target": "item_name"
            },
            {
              "function": "minecraft:enchant_with_levels",
    "options": "#infinity_cave:valid",
              "levels": 38
            },
            {
              "function": "minecraft:set_damage",
              "damage": {
                "min": 0,
                "max": 0.9
              }
            }
          ]
        },
        {
          "type": "minecraft:item",
          "name": "minecraft:netherite_boots",
          "functions": [
            {
              "function": "minecraft:set_components",
              "components": {
                "minecraft:attribute_modifiers": {
                  "modifiers": [
                    {
                      "type": "generic.armor",
                      "slot": "feet",
                      "id": "generic_boots",
                      "amount": 3,
                      "operation": "add_value"
                    },
                    {
                      "type": "generic.armor_toughness",
                      "slot": "feet",
                      "id": "generic_boots",
                      "amount": 3,
                      "operation": "add_value"
                    }
                  ]
                },
                "max_damage": 697
              }
            },
            {
              "function": "set_name",
              "name": [
                {
                  "text": "Refined Netherite Boots"
                }
              ],
              "target": "item_name"
            },
            {
              "function": "minecraft:enchant_with_levels",
    "options": "#infinity_cave:valid",
              "levels": 38
            }
          ]
        },
        {
          "type": "minecraft:item",
          "name": "minecraft:netherite_sword",
          "functions": [
            {
              "function": "minecraft:set_components",
              "components": {
                "minecraft:attribute_modifiers": {
                  "modifiers": [
                    {
                      "type": "generic.attack_damage",
                      "slot": "mainhand",
                      "id": "generic_attack_damage",
                      "amount": 7.5,
                      "operation": "add_value"
                    },
                    {
                      "type": "generic.attack_speed",
                      "slot": "mainhand",
                      "id": "generic_attack_speed",
                      "amount": -2.3,
                      "operation": "add_value"
                    }
                  ],
                  "show_in_tooltip": false
                },
                "max_damage": 2000
              }
            },
            {
              "function": "set_name",
              "name": [
                {
                  "text": "Refined Netherite Sword"
                }
              ],
              "target": "item_name"
            },
            {
              "function": "minecraft:set_lore",
              "lore": [
                {
                  "text": " "
                },
                {
                  "text": "When in Main Hand:",
                  "color": "gray",
                  "italic": false
                },
                {
                  "text": " 8.5 Attack Damage ",
                  "color": "dark_green",
                  "italic": false
                },
                {
                  "text": " 1.7 Attack Speed",
                  "color": "dark_green",
                  "italic": false
                }
              ],
              "mode": "append"
            },
            {
              "function": "minecraft:enchant_with_levels",
    "options": "#infinity_cave:valid",
              "levels": 38
            },
            {
              "function": "minecraft:set_damage",
              "damage": {
                "min": 0,
                "max": 0.9
              }
            }
          ]
        },
        {
          "type": "minecraft:item",
          "name": "minecraft:netherite_axe",
          "functions": [
            {
              "function": "minecraft:set_components",
              "components": {
                "minecraft:attribute_modifiers": {
                  "modifiers": [
                    {
                      "type": "generic.attack_damage",
                      "slot": "mainhand",
                      "id": "generic_attack_damage",
                      "amount": 9.5,
                      "operation": "add_value"
                    },
                    {
                      "type": "generic.attack_speed",
                      "slot": "mainhand",
                      "id": "generic_attack_speed",
                      "amount": -2.9,
                      "operation": "add_value"
                    }
                  ],
                  "show_in_tooltip": false
                },
                "max_damage": 120
              }
            },
            {
              "function": "set_name",
              "name": [
                {
                  "text": "Refined Netherite Axe"
                }
              ],
              "target": "item_name"
            },
            {
              "function": "minecraft:set_lore",
              "lore": [
                {
                  "text": " "
                },
                {
                  "text": "When in Main Hand:",
                  "color": "gray",
                  "italic": false
                },
                {
                  "text": " 10.5 Attack Damage ",
                  "color": "dark_green",
                  "italic": false
                },
                {
                  "text": " 1.1 Attack Speed",
                  "color": "dark_green",
                  "italic": false
                }
              ],
              "mode": "append"
            },
            {
              "function": "minecraft:enchant_with_levels",
    "options": "#infinity_cave:valid",
              "levels": 38
            },
            {
              "function": "minecraft:set_damage",
              "damage": {
                "min": 0,
                "max": 0.9
              }
            }
          ]
        },
        {
          "type": "minecraft:item",
          "name": "minecraft:totem_of_undying"
        },
        {
          "type": "minecraft:loot_table",
          "value": "infinity_cave:return/light_emblem",
          "weight": 1,
          "conditions": [
            {
              "condition": "minecraft:random_chance",
              "chance": 0.5
            }
          ]
        }
      ]
    }
  ]
}
