{
  "type": "minecraft:command",
  "pools": [
    
    {
      "rolls": 1,
      "entries": [
        {
          "type": "minecraft:item",
          "name": "minecraft:firework_rocket",
          "functions": [
            {
              "function": "minecraft:set_count",
              "count": 99
            },
            {
              "function": "set_components",
              "components": {
                "max_stack_size": 99,
                "minecraft:fireworks": {
                  "flight_duration": 4,
                  "explosions": [
                    {
                      "shape": "small_ball",
                      "has_twinkle": true,
                      "has_trail": true,
                      "colors": [
                        1842204
                      ],
                      "fade_colors": [
                        16770518
                      ]
                    },
                    {
                      "shape": "small_ball",
                      "has_twinkle": true,
                      "has_trail": true,
                      "colors": [
                        1842204
                      ],
                      "fade_colors": [
                        16770518
                      ]
                    },
                    {
                      "shape": "small_ball",
                      "has_twinkle": true,
                      "has_trail": true,
                      "colors": [
                        1842204
                      ],
                      "fade_colors": [
                        16770518
                      ]
                    }
                  ]
                }
              }
            }
          ]
        },
        {
          "type": "minecraft:item",
          "name": "minecraft:shield",
          "functions": [
            {
              "function": "minecraft:set_attributes",
              "modifiers": [
                {
                  "id": "ic.shield",
                  "attribute": "minecraft:generic.armor",
                  "amount": 5,
                  "operation": "add_value",
                  "slot": "offhand"
                },
                {
                  "id": "ic.shield",
                  "attribute": "minecraft:generic.armor_toughness",
                  "amount": 2,
                  "operation": "add_value",
                  "slot": "offhand"
                }
              ]
            }
          ]
        },
        {
          "type": "minecraft:alternatives",
          "children": [
            {
              "type": "minecraft:item",
              "name": "minecraft:golden_sword",
              "functions": [
                {
                  "function": "minecraft:set_attributes",
                  "modifiers": [
                    {
                      "id": "ic.attack_damage",
                      "attribute": "minecraft:generic.attack_damage",
                      "amount": 0.1,
                      "operation": "add_multiplied_base",
                      "slot": "offhand"
                    }
                  ]
                }
              ],
              "conditions": [
                {
                  "condition": "minecraft:inverted",
                  "term": {
                    "condition": "minecraft:entity_properties",
                    "entity": "this",
                    "predicate": {
                      "type": [
                        "minecraft:skeleton",
                        "minecraft:pillager"
                      ]
                    }
                  }
                }
              ]
            },
            {
              "type": "minecraft:item",
              "name": "minecraft:tipped_arrow",
              "functions": [
                {
                  "function": "minecraft:set_count",
                  "count": 99
                },
                {
                  "function": "minecraft:set_components",
                  "components": {
                    "minecraft:potion_contents": {
                      "custom_color": 6184036,
                      "custom_effects": [
                        {
                          "id": "minecraft:mining_fatigue",
                          "amplifier": 1,
                          "duration": 80
                        },
                        {
                          "id": "minecraft:levitation",
                          "amplifier": 4,
                          "duration": 40
                        }
                      ]
                    }
                  }
                }
              ],
              "conditions": [
                {
                  "condition": "minecraft:entity_properties",
                  "entity": "this",
                  "predicate": {
                    "type": [
                      "minecraft:skeleton",
                      "minecraft:pillager"
                    ]
                  }
                }
              ]
            }
          ]
        },
        {
          "type": "minecraft:item",
          "name": "minecraft:leather_boots",
          "functions": [
            {
              "function": "minecraft:set_attributes",
              "modifiers": [
                {
                  "id": "ic.movement_speed",
                  "attribute": "minecraft:generic.movement_speed",
                  "amount": 0.1,
                  "operation": "add_multiplied_total",
                  "slot": "offhand"
                }
              ]
            }
          ]
        },
        {
          "type": "minecraft:alternatives",
          "children": [
            {
              "type": "minecraft:item",
              "name": "minecraft:goat_horn",
              "functions": [
                {
                  "function": "minecraft:set_attributes",
                  "modifiers": [
                    {
                      "id": "ic.attack_knockback",
                      "attribute": "minecraft:generic.attack_knockback",
                      "amount": {
                        "type": "minecraft:storage",
                        "storage": "ic:data",
                        "path": "mob.ench"
                      },
                      "operation": "add_value",
                      "slot": "offhand"
                    }
                  ],
                  "replace": true
                }
              ],
              "conditions": [
                {
                  "condition": "minecraft:inverted",
                  "term": {
                    "condition": "minecraft:entity_properties",
                    "entity": "this",
                    "predicate": {
                      "type": [
                        "minecraft:skeleton",
                        "minecraft:pillager"
                      ]
                    }
                  }
                }
              ]
            },
            {
              "type": "minecraft:item",
              "name": "minecraft:tipped_arrow",
              "functions": [
                {
                  "function": "minecraft:set_count",
                  "count": 99
                },
                {
                  "function": "minecraft:set_components",
                  "components": {
                    "minecraft:potion_contents": {
                      "custom_color": 6184036,
                      "custom_effects": [
                        {
                          "id": "minecraft:mining_fatigue",
                          "amplifier": 1,
                          "duration": 80
                        },
                        {
                          "id": "minecraft:blindness",
                          "amplifier": 0,
                          "duration": 80
                        },
                        {
                          "id": "minecraft:wither",
                          "amplifier": 0,
                          "duration": 80
                        }
                      ]
                    }
                  }
                }
              ],
              "conditions": [
                {
                  "condition": "minecraft:entity_properties",
                  "entity": "this",
                  "predicate": {
                    "type": [
                      "minecraft:skeleton",
                      "minecraft:pillager"
                    ]
                  }
                }
              ]
            }
          ]
        },
        {
          "type": "minecraft:item",
          "name": "minecraft:chorus_fruit",
          "functions": [
            {
              "function": "minecraft:set_count",
              "count": {
                "type": "minecraft:storage",
                "storage": "ic:data",
                "path": "mob.ench"
              },
              "add": true
            }
          ]
        },
        {
          "type": "minecraft:item",
          "name": "minecraft:wind_charge"
        },
        {
          "type": "minecraft:item",
          "name": "minecraft:ender_eye"
        }
      ],
      "conditions": [
        {
          "condition": "minecraft:value_check",
          "value": {
            "type": "minecraft:score",
            "target": {
              "type": "minecraft:fixed",
              "name": "$disable_offhand"
            },
            "score": "ic.int"
          },
          "range": 0
        }
      ]
    }
  ]
}
