{
  "pools": [
    {
      "rolls": 1,
      "entries": [
        {
          "type": "minecraft:loot_table",
          "value": "infinity_cave:return/curse_remover",
          "weight": 1,
          "functions": [
            {
              "function": "minecraft:set_count",
              "count": {
                "min": 1,
                "max": 2
              }
            }
          ],
          "conditions": [
            {
              "condition": "minecraft:random_chance",
              "chance": 0.05
            },
            {
              "condition": "minecraft:entity_properties",
              "entity": "this",
              "predicate": {
                "equipment": {
                  "offhand": {
                    "items": [
                      "minecraft:ender_eye"
                    ]
                  }
                }
              }
            }
          ]
        }
      ]
    },
    {
      "rolls": 1,
      "entries": [
        {
          "type": "minecraft:item",
          "name": "minecraft:wind_charge",
          "weight": 1,
          "functions": [
            {
              "function": "minecraft:set_count",
              "count": {
                "min": 4,
                "max": 8
              }
            }
          ],
          "conditions": [
            {
              "condition": "minecraft:random_chance",
              "chance": 0.5
            },
            {
              "condition": "minecraft:entity_properties",
              "entity": "this",
              "predicate": {
                "equipment": {
                  "offhand": {
                    "items": [
                      "minecraft:wind_charge"
                    ]
                  }
                }
              }
            }
          ]
        }
      ]
    },
    {
      "rolls": 1,
      "entries": [
        {
          "type": "minecraft:item",
          "name": "minecraft:shield",
          "weight": 1,
          "functions": [
            {
              "function": "minecraft:set_count",
              "count": {
                "min": 1,
                "max": 2
              }
            }
          ],
          "conditions": [
            {
              "condition": "minecraft:random_chance",
              "chance": 0.15
            },
            {
              "condition": "minecraft:entity_properties",
              "entity": "this",
              "predicate": {
                "equipment": {
                  "offhand": {
                    "items": [
                      "minecraft:shield"
                    ]
                  }
                }
              }
            }
          ]
        }
      ]
    },
    {
      "rolls": 1,
      "entries": [
        {
          "type": "minecraft:item",
          "name": "minecraft:splash_potion",
          "weight": 1,
          "functions": [
            {
              "function": "minecraft:set_components",
              "components": {
                "minecraft:max_stack_size": 5,
                "minecraft:potion_contents": {
                  "custom_color": 10076657,
                  "custom_effects": [
                    {
                      "id": "minecraft:speed",
                      "amplifier": 1,
                      "duration": 3600,
                      "ambient": true,
                      "show_particles": true,
                      "show_icon": true
                    }
                  ]
                }
              }
            }
          ],
          "conditions": [
            {
              "condition": "minecraft:random_chance",
              "chance": 0.15
            },
            {
              "condition": "minecraft:entity_properties",
              "entity": "this",
              "predicate": {
                "equipment": {
                  "offhand": {
                    "items": [
                      "minecraft:leather_boots"
                    ]
                  }
                }
              }
            }
          ]
        }
      ]
    },
    {
      "rolls": 1,
      "entries": [
        {
          "type": "minecraft:item",
          "name": "minecraft:ender_pearl",
          "weight": 1,
          "functions": [
            {
              "function": "minecraft:set_count",
              "count": {
                "min": 4,
                "max": 8
              }
            }
          ],
          "conditions": [
            {
              "condition": "minecraft:random_chance",
              "chance": 0.5
            },
            {
              "condition": "minecraft:entity_properties",
              "entity": "this",
              "predicate": {
                "equipment": {
                  "offhand": {
                    "items": [
                      "minecraft:chorus_fruit"
                    ]
                  }
                }
              }
            }
          ]
        }
      ]
    },
    {
      "rolls": 1,
      "entries": [
        {
          "type": "minecraft:loot_table",
          "value": "infinity_cave:refs/epic_gear",
          "weight": 2,
          "conditions": [
            {
              "condition": "minecraft:random_chance",
              "chance": 0.1
            }
          ]
        },
        {
          "type": "minecraft:loot_table",
          "value": "infinity_cave:return/enchantlet_3",
          "weight": 1
        },
        {
          "type": "minecraft:item",
          "name": "minecraft:white_banner",
          "functions": [
            {
              "function": "minecraft:set_count",
              "count": 1
            },
            {
              "function": "minecraft:set_components",
              "components": {
                "minecraft:hide_additional_tooltip": {},
                "minecraft:banner_patterns": [
                  {
                    "pattern": "minecraft:stripe_center",
                    "color": "black"
                  },
                  {
                    "pattern": "minecraft:stripe_middle",
                    "color": "black"
                  }
                ],
                "minecraft:custom_data": {
                  "ic": "safety_banner"
                }
              }
            },
            {
              "function": "minecraft:set_name",
              "name": [
                {
                  "text": "Safety Banner",
                  "color": "light_purple",
                  "italic": false
                }
              ]
            },
            {
              "function": "minecraft:set_lore",
              "lore": [
                {
                  "text": "Place down to clear a ",
                  "color": "gray",
                  "italic": false
                },
                {
                  "text": "50x50 area from mob",
                  "color": "gray",
                  "italic": false
                },
                {
                  "text": "spawning.",
                  "color": "gray",
                  "italic": false
                }
              ],
              "mode": "append"
            }
          ],
          "conditions": [
            {
              "condition": "minecraft:random_chance",
              "chance": 0.1
            }
          ]
        }
      ]
    },
    {
      "rolls": 2,
      "entries": [
        {
          "type": "minecraft:loot_table",
          "value": "infinity_cave:refs/weapons/pool",
          "weight": 1,
          "conditions": [
            {
              "condition": "minecraft:random_chance",
              "chance": 0.1
            }
          ]
        },
        {
          "type": "minecraft:item",
          "name": "minecraft:iron_helmet",
          "functions": [
            {
              "function": "minecraft:set_components",
              "components": {
                "minecraft:attribute_modifiers": {
                  "modifiers": [
                    {
                      "type": "generic.armor",
                      "slot": "head",
                      "id": "generic_helmet",
                      "amount": 3,
                      "operation": "add_value"
                    },
                    {
                      "type": "generic.armor_toughness",
                      "slot": "head",
                      "id": "generic_helmet",
                      "amount": 1.5,
                      "operation": "add_value"
                    }
                  ]
                },
                "max_damage": 210
              }
            },
            {
              "function": "set_name",
              "name": [
                {
                  "text": "Refined Iron Helmet"
                }
              ],
              "target": "item_name"
            },
            {
              "function": "minecraft:enchant_with_levels",
    "options": "#infinity_cave:valid",
              "levels": 20
            },
            {
              "function": "minecraft:set_damage",
              "damage": {
                "min": 0,
                "max": 0.9
              }
            }
          ]
        },
        {
          "type": "minecraft:item",
          "name": "minecraft:iron_chestplate",
          "functions": [
            {
              "function": "minecraft:set_components",
              "components": {
                "minecraft:attribute_modifiers": {
                  "modifiers": [
                    {
                      "type": "generic.armor",
                      "slot": "chest",
                      "id": "generic_chest",
                      "amount": 8,
                      "operation": "add_value"
                    },
                    {
                      "type": "generic.armor_toughness",
                      "slot": "chest",
                      "id": "generic_chest",
                      "amount": 1.5,
                      "operation": "add_value"
                    }
                  ]
                },
                "max_damage": 290
              }
            },
            {
              "function": "set_name",
              "name": [
                {
                  "text": "Refined Iron Chestplate"
                }
              ],
              "target": "item_name"
            },
            {
              "function": "minecraft:enchant_with_levels",
    "options": "#infinity_cave:valid",
              "levels": 20
            },
            {
              "function": "minecraft:set_damage",
              "damage": {
                "min": 0,
                "max": 0.9
              }
            }
          ]
        },
        {
          "type": "minecraft:item",
          "name": "minecraft:iron_leggings",
          "functions": [
            {
              "function": "minecraft:set_components",
              "components": {
                "minecraft:attribute_modifiers": {
                  "modifiers": [
                    {
                      "type": "generic.armor",
                      "slot": "legs",
                      "id": "generic_legs",
                      "amount": 6,
                      "operation": "add_value"
                    },
                    {
                      "type": "generic.armor_toughness",
                      "slot": "legs",
                      "id": "generic_legs",
                      "amount": 1.5,
                      "operation": "add_value"
                    }
                  ]
                },
                "max_damage": 240
              }
            },
            {
              "function": "set_name",
              "name": [
                {
                  "text": "Refined Iron Leggings"
                }
              ],
              "target": "item_name"
            },
            {
              "function": "minecraft:enchant_with_levels",
    "options": "#infinity_cave:valid",
              "levels": 20
            },
            {
              "function": "minecraft:set_damage",
              "damage": {
                "min": 0,
                "max": 0.9
              }
            }
          ]
        },
        {
          "type": "minecraft:item",
          "name": "minecraft:iron_boots",
          "functions": [
            {
              "function": "minecraft:set_components",
              "components": {
                "minecraft:attribute_modifiers": {
                  "modifiers": [
                    {
                      "type": "generic.armor",
                      "slot": "feet",
                      "id": "generic_boots",
                      "amount": 3,
                      "operation": "add_value"
                    },
                    {
                      "type": "generic.armor_toughness",
                      "slot": "feet",
                      "id": "generic_boots",
                      "amount": 1.5,
                      "operation": "add_value"
                    }
                  ]
                },
                "max_damage": 230
              }
            },
            {
              "function": "set_name",
              "name": [
                {
                  "text": "Refined Iron Boots"
                }
              ],
              "target": "item_name"
            },
            {
              "function": "minecraft:enchant_with_levels",
    "options": "#infinity_cave:valid",
              "levels": 20
            }
          ]
        },
        {
          "type": "minecraft:item",
          "name": "minecraft:iron_sword",
          "functions": [
            {
              "function": "minecraft:set_components",
              "components": {
                "minecraft:attribute_modifiers": {
                  "modifiers": [
                    {
                      "type": "generic.attack_damage",
                      "slot": "mainhand",
                      "id": "generic_attack_damage",
                      "amount": 5.5,
                      "operation": "add_value"
                    },
                    {
                      "type": "generic.attack_speed",
                      "slot": "mainhand",
                      "id": "generic_attack_speed",
                      "amount": -2.4,
                      "operation": "add_value"
                    }
                  ],
                  "show_in_tooltip": false
                },
                "max_damage": 220
              }
            },
            {
              "function": "set_name",
              "name": [
                {
                  "text": "Refined Iron Sword"
                }
              ],
              "target": "item_name"
            },
            {
              "function": "minecraft:set_lore",
              "lore": [
                {
                  "text": " "
                },
                {
                  "text": "When in Main Hand:",
                  "color": "gray",
                  "italic": false
                },
                {
                  "text": " 6.5 Attack Damage ",
                  "color": "dark_green",
                  "italic": false
                },
                {
                  "text": " 1.6 Attack Speed",
                  "color": "dark_green",
                  "italic": false
                }
              ],
              "mode": "append"
            },
            {
              "function": "minecraft:enchant_with_levels",
    "options": "#infinity_cave:valid",
              "levels": 20
            },
            {
              "function": "minecraft:set_damage",
              "damage": {
                "min": 0,
                "max": 0.9
              }
            }
          ]
        },
        {
          "type": "minecraft:item",
          "name": "minecraft:iron_axe",
          "functions": [
            {
              "function": "minecraft:set_components",
              "components": {
                "minecraft:attribute_modifiers": {
                  "modifiers": [
                    {
                      "type": "generic.attack_damage",
                      "slot": "mainhand",
                      "id": "generic_attack_damage",
                      "amount": 7.5,
                      "operation": "add_value"
                    },
                    {
                      "type": "generic.attack_speed",
                      "slot": "mainhand",
                      "id": "generic_attack_speed",
                      "amount": -2.9,
                      "operation": "add_value"
                    }
                  ],
                  "show_in_tooltip": false
                },
                "max_damage": 120
              }
            },
            {
              "function": "set_name",
              "name": [
                {
                  "text": "Refined Iron Axe"
                }
              ],
              "target": "item_name"
            },
            {
              "function": "minecraft:set_lore",
              "lore": [
                {
                  "text": " "
                },
                {
                  "text": "When in Main Hand:",
                  "color": "gray",
                  "italic": false
                },
                {
                  "text": " 8.5 Attack Damage ",
                  "color": "dark_green",
                  "italic": false
                },
                {
                  "text": " 1.1 Attack Speed",
                  "color": "dark_green",
                  "italic": false
                }
              ],
              "mode": "append"
            },
            {
              "function": "minecraft:enchant_with_levels",
    "options": "#infinity_cave:valid",
              "levels": 20
            },
            {
              "function": "minecraft:set_damage",
              "damage": {
                "min": 0,
                "max": 0.9
              }
            }
          ]
        },
        {
          "type": "minecraft:item",
          "name": "minecraft:golden_apple",
          "weight": 2,
          "functions": [
            {
              "function": "minecraft:set_count",
              "count": {
                "min": 1,
                "max": 3
              }
            }
          ],
          "conditions": [
            {
              "condition": "minecraft:random_chance",
              "chance": 0.3
            }
          ]
        },
        {
          "type": "minecraft:item",
          "name": "minecraft:totem_of_undying",
          "conditions": [
            {
              "condition": "minecraft:random_chance",
              "chance": 0.05
            }
          ]
        }
      ]
    }
  ]
}
