{
  "display": {
    "icon": {
      "id": "minecraft:piglin_head"
    },
    "title": "Epic Encounter Eradicator",
    "description": [
      {
        "text": "Kill your first Epic mob!"
      }
    ],
    "show_toast": true,
    "announce_to_chat": true,
    "hidden": false
  },
  "parent": "infinity_cave:display/kills/rare",
  "criteria": {
      "requirement": {
        "trigger": "minecraft:player_killed_entity",
        "conditions": {
          "entity": [
            {
              "condition": "minecraft:entity_properties",
              "entity": "this",
              "predicate": {
                "team": "ic.mob_team",
                "equipment": {
                  "chest": {
                    "items": [
                      "minecraft:diamond_chestplate"
                    ]
                  }
                }
              }
            }
          ]
        }
      }
    }
  }
  