{
  "criteria": {
    "requirement": {
      "trigger": "minecraft:using_item",
      "conditions": {
        "player": [
          {
            "condition": "minecraft:value_check",
            "value": {
              "type": "minecraft:score",
              "target": "this",
              "score": "ic.rc_cd",
              "scale": 1
            },
            "range": {
              "min": 10
            }
          }
        ],
          "item": {
            "predicates": {
              "minecraft:custom_data": "{ec:5b}"
            }
          }
        }
      }
    },
    "rewards": {
      "function": "infinity_cave:mechanics/rc/enchant/tier_5/check"
    }
  }
  